1001,BIO F110,BIOLOGY LABORATORY,-,2,1,P1,B Vani,3219,F  6 7,,
,,,,,,,Subhashree Chatterjee(RS),,,,
,,,,,,P2,Jitendra Panwar,3219,F  8 9,,
,,,,,,,Priya Gupta(RS),,,,
,,,,,,P3,Balakumaran Chandrasekar,3219,M  6 7,,
,,,,,,,Lavanya Suresh Iyer(RS),,,,
,,,,,,P4,Propanna Bandyopadhyay(RS),3219,M  8 9,,
,,,,,,,Valluri Harsha Prabha(RS),,,,
,,,,,,,Vrinda Joshi(RS),,,,
,,,,,,P5,Ramakrishnan S(RS),3219,S  4 5,,
,,,,,,,Akanksha Singh(RS),,,,
,,,,,,,Anasuya Banerjee(RS),,,,
,,,,,,P6,UMA S DUBEY,3219,S  6 7,,
,,,,,,,Lakshay Sharma(RS),,,,
,,,,,,P7,Niyati Kamlesh Pandya(RS),3219,S  8 9,,
,,,,,,,Chakraborty Srinjoy Srabani(RS),,,,
,,,,,,P8,Balakumaran Chandrasekar,3219,T  6 7,,
,,,,,,,Chetan V N(RS),,,,
,,,,,,P9,Shilpi Garg,3219,T  8 9,,
,,,,,,,Sayantani Chatterjee(RS),,,,
,,,,,,P10,B Vani,3219,Th  6 7,,
,,,,,,,Sonakshi Puri(RS),,,,
,,,,,,P11,Prabhat Nath Jha,3219,Th  8 9,,
,,,,,,,Shradha Bhatnagar(RS),,,,
,,,,,,P12,Rajdeep Chowdhury,3219,W  6 7,,
,,,,,,,Shreyas Mohan Iyer(RS),,,,
,,,,,,,Farhanur Rahman(RS),,,,
,,,,,,P13,Uma S Dubey,3219,W  8 9,,
,,,,,,,Swarnima Kushwaha(RS),,,,
1002,BIO F111,GENERAL BIOLOGY,3,-,3,L1,VISHAL SAXENA,5102,M W F  2,09/10 FN2,06/12 AN
,,,,,,,Rita Sharma,,,,
,,,,,,,P R Deepa,,,,
,,,,,,L2,Vishal Saxena,5105,M W F  5,09/10 FN2,06/12 AN
,,,,,,,Rita Sharma,,,,
,,,,,,,P R Deepa,,,,
,,Tutorial,,,,T1,Sandhya Amol Marathe,6108,F  1,,
,,,,,,T2,Shibasish Chowdhury,6101,F  1,,
,,,,,,T3,Ashis Kumar Das,6103,T  9,,
,,,,,,T4,Syamantak Majumder,6162,M  1,,
,,,,,,T5,Mukul Joshi,6156,M  1,,
,,,,,,T6,Sandhya Amol Marathe,6163,M  1,,
,,,,,,T7,Pankaj Kumar Sharma,6154,S  1,,
,,,,,,T8,Meghana Tare,6157,S  1,,
,,,,,,T9,Syamantak Majumder,6158,S  1,,
,,,,,,T10,Vishal Saxena,6160,T  9,,
,,,,,,T11,Pankaj Kumar Sharma,6161,T  9,,
,,,,,,T12,Sudeshna Mukherjee,6162,T  9,,
,,,,,,T13,Mukul Joshi,6101,S  1,,
1112,BIO F211,BIOLOGICAL CHEMISTRY,3,-,3,L1,MEGHANA TARE,6102,T Th S  5,10/10 AN1,09/12 FN
,,,,,,,P R Deepa,,,,
,,Tutorial,,,,T1,Meghana Tare,6163,T  1,,
,,,,,,,P R Deepa,,,,
1114,BIO F212,MICROBIOLOGY,3,1,4,L1,PRABHAT NATH JHA,6156,T Th S  4,12/10 FN1,13/12 FN
,,,,,,,Jitendra Panwar,,,,
,,Practical,,,,P1,Priyanka Roy(RS),3252,S  1 2 3,,
,,,,,,,Shreya Verma(RS),,,,
,,,,,,P2,Anwesha Chatterjee(RS),3252,T  7 8 9,,
,,,,,,,Sonali J Jain(RS),,,,
,,,,,,P3,Shreya Bhatnagar(RS),3252,Th  7 8 9,,
,,,,,,,Muthusaravanan S(RS),,,,
1113,BIO F213,CELL BIOLOGY,3,-,3,L1,BALAKUMARAN CHANDRASEKAR,6163,M W F  2,13/10 AN1,18/12 FN
,,Tutorial,,,,T1,Balakumaran Chandrasekar,6156,Th  1,,
1115,BIO F214,INTEGRATED BIOLOGY,3,-,3,L1,PANKAJ KUMAR SHARMA,6156,M W F  3,14/10 FN1,20/12 FN
,,,,,,,Meghana Tare,,,,
,,Tutorial,,,,T1,Pankaj Kumar Sharma,6155,M  1,,
,,,,,,,Meghana Tare,,,,
1651,BIO F266,STUDY PROJECT,-,-,3,L1,RAJDEEP CHOWDHURY,,,,
1427,BIO F311,RECOMBINANT DNA TECH,3,-,3,L1,RITA SHARMA,6101,T Th S  3,13/10 FN1,15/12 FN
,,Tutorial,,,,T1,Rita Sharma,6163,T  10,,
1428,BIO F312,PLANT PHYSIOLOGY,3,-,3,L1,JITENDRA PANWAR,6163,M W F  5,11/10 FN1,11/12 FN
,,,,,,,Mukul Joshi,,,,
,,Tutorial,,,,T1,Jitendra Panwar,6163,Th  2,,
,,,,,,,Mukul Joshi,,,,
,,,,,,,Mamta(RS),,,,
1429,BIO F313,ANIMAL PHYSIOLOGY,3,-,3,L1,SYAMANTAK MAJUMDER,6101,M W F  4,09/10 AN1,07/12 FN
,,Tutorial,,,,T1,Syamantak Majumder,6163,T  2,,
1650,BIO F366,LABORATORY PROJECT,-,-,3,L1,RAJDEEP CHOWDHURY,,,,
1736,BIO F367,LABORATORY PROJECT,-,-,3,L1,RAJDEEP CHOWDHURY,,,,
1685,BIO F376,DESIGN PROJECT,-,-,3,L1,RAJDEEP CHOWDHURY,,,,
1752,BIO F377,DESIGN PROJECT,-,-,3,L1,RAJDEEP CHOWDHURY,,,,
1433,BIO F417,BIOMOLECULAR MODELING,3,-,3,L1,SHIBASISH CHOWDHURY,6159,M W F  3,14/10 FN1,20/12 FN
1434,BIO F418,GENETIC ENGINEERING TECH,1,3,4,L1,SANDHYA AMOL MARATHE,6157,M  9,11/10 AN1,12/12 FN
,,,,,,,Mukul Joshi,,,,
,,Practical,,,,P1,Sandhya Amol Marathe,3173,T Th  7 8 9,,
,,,,,,,Mukul Joshi,,,,
,,,,,,,Hansa Sehgal(RS),,,,
,,,,,,,Kanika Hada(RS),,,,
,,,,,,,Ankita Das(RS),,,,
1436,BIO F421,ENZYMOLOGY,3,-,3,L1,P R DEEPA,6159,M W F  9,11/10 AN1,12/12 FN
,,,,,,,Pankaj Kumar Sharma,,,,
1710,BIO F491,SPECIAL PROJECT,-,-,3,L1,RAJDEEP CHOWDHURY,,,,
71,BIO G512,MOLEC MECH OF GENE EXPRE,3,2,5,L1,SANJAY KUMAR VERMA,6104,M W F  5,11/10 FN2,11/12 AN
392,BIO G514,MOLECULAR IMMUNOLOGY,3,2,5,L1,ASHIS KUMAR DAS,6158,M W F  8,10/10 FN2,08/12 AN
2009,BIO G523,ADV & APPLIED MICROBIO,3,2,5,L1,PRABHAT NATH JHA,6151,M W F  4,13/10 FN2,15/12 AN
,,,,,,,Sandhya Amol Marathe,,,,
,,Practical,,,,P1,Gujarati Sukriti Nisha(RS),3173,F  1 2 3,,
2008,BIO G524,ANIMAL CELL TECHNOLOGY,3,2,5,L1,SUDESHNA MUKHERJEE,6158,M W F  4,13/10 FN2,15/12 AN
,,,,,,,Uma S Dubey,,,,
,,Practical,,,,P1,Sudeshna Mukherjee,3157,F  7 8 9,,
,,,,,,,Uma S Dubey,,,,
,,,,,,,Chinmay Nayak(RS),,,,
,,,,,,,Chetan Shrivastava(RS),,,,
2007,BIO G525,ENV BIOTECH & WASTE MGMT,3,2,5,L1,B VANI,6162,T Th S  2,14/10 AN2,21/12 AN
192,BIO G526,CANCER BIOLOGY,3,2,5,L1,SUDESHNA MUKHERJEE,6159,T Th S  3,09/10 AN2,07/12 AN
,,Practical,,,,P1,Uma S Dubey,3179,M W  1 2 3,,
,,,,,,,Simran Khanna(RS),,,,
2015,BIO G532,BIOSTATISTICS & BIOMODEL,3,1,4,L1,SHILPI GARG,6107,T Th S  5,10/10 AN2,09/12 AN
,,,,,,,Shibasish Chowdhury,,,,
151,BIO G542,ADVANCED CELL MOLE BIO,-,-,5,L1,VISHAL SAXENA,6158,T Th S  3,09/10 AN2,07/12 AN
,,,,,,,Rajdeep Chowdhury,,,,
1375,BIOT F424,FOOD BIOTECHNOLOGY,3,-,3,L1,SHILPI GARG,6159,M W F  8,10/10 FN1,08/12 FN
549,BITS C790T,INDEPENDENT STUDY,-,-,1,L1,SHAMIK CHAKRABARTI,,,,
596,BITS C791T,TEACHING PRACTICE I,-,-,1,L1,SHAMIK CHAKRABARTI,,,,
520,BITS C797T,PH D SEMINAR,-,-,1,L1,SHAMIK CHAKRABARTI,,,,
553,BITS C799T,PH D THESIS,-,-,10,L1,SHAMIK CHAKRABARTI,,,,
,,,,,,,Sachin Ulhasrao Belgamwar,,,,
2187,BITS E574,STUDY IN ADVANCED TOPIC II,-,-,5,L1,SHAMIK CHAKRABARTI,,,,
2488,BITS E584,CASE STUDIES II,3,-,4,L1,SHAMIK CHAKRABARTI,,,,
2490,BITS E594,READING COURSE II,-,2,5,L1,SHAMIK CHAKRABARTI,,,,
857,BITS E793T,PRACTICE LECT SERIES I,-,-,1,L1,SHAMIK CHAKRABARTI,,,,
1003,BITS F110,ENGINEERING GRAPHICS,1,2,2,L1,Sayantan Chakraborty,5102,F  7,14/10 FN2,20/12 AN
,,,,,,L2,GAURAV WATTS,5102,F  9,14/10 FN2,20/12 AN
,,,,,,,Amit Kumar,,,,
,,Practical,,,,P1,Mayank Mani Pandey(RS),6114,M W  6 7,,
,,,,,,P2,Shedge Hrishikesh Nandkumar(RS),6117,M W  6 7,,
,,,,,,P3,Varun Jain(RS),6118,M W  6 7,,
,,,,,,P4,Polisetty Praneet Sai Kumar(RS),6119,M W  6 7,,
,,,,,,P5,Deshmankar Atharv Pramod(RS),6013,M W  6 7,,
,,,,,,P6,Shailendra Tripathi(RS),6016,M W  6 7,,
,,,,,,P7,Kamalesh Kumar,6116,M W  6 7,,
,,,,,,P8,Vinay Pratap Singh Negi(RS),6114,M W  8 9,,
,,,,,,P9,Aniruddha Tangirala(RS),6117,M W  8 9,,
,,,,,,P10,Dhruv Deshwal(RS),6118,M W  8 9,,
,,,,,,P11,Kathir Vadivel Marimuthu(RS),6119,M W  8 9,,
,,,,,,P12,Pulleti Siva Sankar(RS),6013,M W  8 9,,
,,,,,,P13,Sourabh Jain(RS),6016,M W  8 9,,
,,,,,,P14,Sri Satya Omkar Dadi(RS),6116,M W  8 9,,
1004,BITS F111,THERMODYNAMICS,3,-,3,L1,SACHIN ULHASRAO BELGAMWAR,5102,T Th S  2,11/10 FN2,11/12 AN
,,,,,,L2,A R Harikrishnan,5102,T Th S  4,11/10 FN2,11/12 AN
,,,,,,L3,Amit Jain,6109,T Th S  5,11/10 FN2,11/12 AN
,,Tutorial,,,,T1,Saket Verma,1205,F  1,,
,,,,,,T2,Mohit Garg,1202,F  1,,
,,,,,,T3,Tanmoy Mondal,6154,F  1,,
,,,,,,T4,Kundrapu Ayyappa Swamy(RS),1204,F  1,,
,,,,,,T5,Bharti Khungar,6157,F  1,,
,,,,,,T6,Faizan Mohammad Rashid,1203,M  1,,
,,,,,,T7,Madhukar Mishra,6108,W  1,,
,,,,,,T8,Aneesh A M,1205,M  1,,
,,,,,,T9,Priya Christina Sande,1226,M  1,,
,,,,,,T10,Bharti Khungar,1201,M  1,,
,,,,,,T11,Avik Kumar Pati,6153,S  1,,
,,,,,,T12,Arvind Kumar Sharma,1231,S  1,,
,,,,,,T13,Avik Kumar Pati,1202,T  9,,
,,,,,,T14,C Ranganayakulu,1203,S  1,,
,,,,,,,Chandra Shekhar Sharma(RS),,,,
,,,,,,T15,Priya Christina Sande,1231,T  9,,
,,,,,,T16,Faizan Mohammad Rashid,1232,T  9,,
,,,,,,T17,Ajaya Kumar Pani,1205,T  9,,
,,,,,,T18,Rahul(RS),1232,S  1,,
,,,,,,,Amit Rajnarayan Singh,,,,
,,,,,,T19,Somak Chatterjee,6154,M  1,,
,,,,,,T20,Sajal Mukherjee,6154,W  1,,
,,,,,,T21,Sachin Ulhasrao Belgamwar,1204,W  1,,
,,,,,,T22,Ajaya Kumar Pani,1226,W  1,,
,,,,,,T23,C Ranganayakulu,1201,W  1,,
1005,BITS F112,TECHNICAL REPORT WRITING,2,-,2,L1,Kumar Bhattacharya,6163,M W  4,10/10 AN2,09/12 AN
,,,,,,,Tulika Bourai(RS),,,,
,,,,,,L2,Virendra Singh Nirban,6155,T Th  5,10/10 AN2,09/12 AN
,,,,,,,Dileesha(RS),,,,
,,,,,,,Salman Riyas(RS),,,,
,,,,,,L3,Sangeeta Sharma,6156,T Th  5,10/10 AN2,09/12 AN
,,,,,,,Asita A.(RS),,,,
,,,,,,L4,Gajendra Singh Chauhan,6151,T Th  7,10/10 AN2,09/12 AN
,,,,,,,Swagata Ghosh(RS),,,,
,,,,,,L5,Pushp Lata,6151,T Th  8,10/10 AN2,09/12 AN
,,,,,,,Kirti Singh(RS),,,,
,,,,,,L6,PRATEEK,6101,T Th  9,10/10 AN2,09/12 AN
,,,,,,,Bagmita Borthakur,,,,
,,,,,,,Carol Maria Sunny,,,,
,,,,,,,Ranjini S Nadig,,,,
,,,,,,,Ruchika Sharma(RS),,,,
,,,,,,,Shruti Majumdar(RS),,,,
,,,,,,,Apoorv Kumar(RS),,,,
,,,,,,,Sonika(RS),,,,
1858,BITS F113,GENERAL MATHEMATICS  I,3,-,3,L1,ANIRUDH SINGH RANA,6160,T Th S  2,11/10 FN2,11/12 AN
,,Tutorial,,,,T1,Anirudh Singh Rana,1225,F  1,,
1861,BITS F218,GENERAL MATHEMATICS  III,3,-,3,L1,BHUPENDRA KUMAR SHARMA,6159,T Th S  4,12/10 FN1,13/12 FN
,,Tutorial,,,,T1,Bhupendra Kumar Sharma,6151,Th  9,,
1862,BITS F219,PROCESS ENGINEERING,2,1,3,L1,JINDAL ANIL BRIJBHUSHAN,6157,M W  3,14/10 FN1,20/12 FN
,,Tutorial,,,,T1,Jindal Anil Brijbhushan,6157,F  3,,
,,Practical,,,,P1,Bhide Atharva Rajendra Archana(RS),3116,T  7 8,,
,,,,,,,Ila Milind Sarode(RS),,,,
,,,,,,,Kommera Sai Pradyuth(RS),,,,
,,,,,,,Sanat Kumar Dash(RS),,,,
,,,,,,P2,Bhide Atharva Rajendra Archana(RS),3116,F  1 2,,
,,,,,,,Ila Milind Sarode(RS),,,,
,,,,,,,Kommera Sai Pradyuth(RS),,,,
,,,,,,,Sanat Kumar Dash(RS),,,,
1632,BITS F225,ENVIRONMENTAL STUDIES,3,-,3,L1,B VANI,5102,M W F  10,12/10 AN1,14/12 FN
,,,,,,,Selva Balaji,,,,
,,,,,,,Mohit Garg,,,,
2605,BITS F234,INTRO TO ENGG DESIGN,-,-,4,L1,GAURAV WATTS,5103,M  4,09/10 FN1,06/12 FN
,,Practical,,,,P1,Gaurav Watts,6118,W  3 4,,
2277,BITS F314,GAME THEO AND ITS APPL,3,-,3,L1,RAHUL ARORA,6157,M W F  7,09/10 FN1,06/12 FN
,,,,,,,Balakrushna Padhi,,,,
2316,BITS F326,DESIGN THINKING FOR INNO..,3,-,3,L1,LEELA RANI,6069,M W F  9,11/10 AN1,12/12 FN
1335,BITS F343,FUZZY LOGIC & APPL,3,-,3,L1,CHANDRA SHEKHAR,6162,M W F  2,13/10 AN1,18/12 FN
1512,BITS F385,INTRO TO GENDER STUDIES,3,-,3,L1,MADHURIMA DAS,6156,M W F  7,09/10 FN1,06/12 FN
,,,,,,,Aswathy Chandragiri(RS),,,,
1592,BITS F412,PRACTICE SCHOOL II,-,-,20,L1,SRINIVAS PRAKASH REGALLA,,,,
1248,BITS F415,INTRODUCTION TO MEMS,3,1,4,L1,VENKATESH KADBUR PRABHAK..,1226,T Th S  5,10/10 AN1,09/12 FN
,,,,,,,Chabbi Pradnya Anand(RS),,,,
1593,BITS F421T,THESIS,-,-,16,L1,SACHIN ULHASRAO BELGAMWAR,,,,
1616,BITS F422T,THESIS,-,-,16,L1,SACHIN ULHASRAO BELGAMWAR,,,,
1617,BITS F423T,THESIS,-,-,9,L1,SACHIN ULHASRAO BELGAMWAR,,,,
1619,BITS F424T,THESIS,-,-,9,L1,SACHIN ULHASRAO BELGAMWAR,,,,
1794,BITS F428,ESSENTIALS OF STRATE MGT,3,-,3,L1,PRAVEEN GOYAL,6157,T Th S  5,10/10 AN1,09/12 FN
1899,BITS F429,NANOTECH FOR RENEW ENRGY..,3,1,4,L1,BANASRI ROY,1231,T Th S  4,12/10 FN1,13/12 FN
2001,BITS F437,TECHNICAL COMMUNICATION,3,1,3,L1,CHINTALAPALLI VIJAYAKUMAR,6152,T Th  10 11,12/10 AN1,14/12 FN
,,,,,,,Yadav Ruchi Ramesh(RS),,,,
,,,,,,,Salman Riyas(RS),,,,
1816,BITS F446,PATTERN RECOGNITION,-,-,3,L1,RAJ KUMAR GUPTA,6157,M W F  2,13/10 AN1,18/12 FN
2433,BITS F451,AUTONOMOUS MOBILE ROBOTICS,3,-,3,L1,AVINASH GAUTAM,6104,T Th S  4,12/10 FN1,13/12 FN
2434,BITS F452,BLOCKCHAIN TECHNOLOGY,3,-,3,L1,AMITESH SINGH RAJPUT,6161,M W F  8,10/10 FN1,08/12 FN
1796,BITS F462,RENEWABLE ENERGY,3,-,3,L1,MANOJ KUMAR SONI,1231,T Th S  5,10/10 AN1,09/12 FN
1339,BITS F464,MACHINE LEARNING,3,-,3,L1,NAVNEET GOYAL,6109,M W F  2,13/10 AN1,18/12 FN
,,,,,,L1M,Navneet Goyal,6109,M W F  2,13/10 AN1,18/12 FN
,,Practical,,,,P1,Jaya Pathak(RS),6013,T  7 8,,
,,,,,,P2,Jaya Pathak(RS),6017,Th  7 8,,
1379,BITS F467,BIOETHICS & BIOSAFETY,3,-,3,L1,R MAHESH,6160,T Th S  4,12/10 FN1,13/12 FN
1797,BITS F468,NEW VENTURE CREATION,3,-,3,L1,JYOTI,5103,T Th  10 11,,
1641,BITS F482,CREAT & LEAD ENTREP ORGN,3,-,3,L1,ARYA KUMAR,6154,M W F  2,13/10 AN1,18/12 FN
,,,,,,,Jyoti,,,,
1804,BITS F494,ENV IMPACT ASSESSMENT,-,-,4,L1,ANUPAM SINGHAL,1231,M W F  9,11/10 AN1,12/12 FN
,,,,,,,Srishti Gyaneshwar Khare(RS),,,,
499,BITS G511,ADVANCED PROJECT,-,-,5,L1,SHAMIK CHAKRABARTI,,,,
547,BITS G513,STUDY IN ADVANCED TOPICS,-,-,5,L1,SHAMIK CHAKRABARTI,,,,
,,,,,,L2,Shamik Chakrabarti,,,,
754,BITS G529,RESEARCH PROJECT I,-,-,6,L1,SHAMIK CHAKRABARTI,,,,
755,BITS G539,RESEARCH PROJECT II,-,-,6,L1,SHAMIK CHAKRABARTI,,,,
2003,BITS G540,RESEARCH PRACTICE,-,-,4,L1,SHAMIK CHAKRABARTI,,,,
9,BITS G553,REAL TIME SYSTEMS,-,-,5,L1,SAI SESHA CHALAPATHI GAT..,1231,M W F  5,11/10 FN2,11/12 AN
575,BITS G561T,DISSERTATION,-,-,16,L1,SHAMIK CHAKRABARTI,,,,
2164,BITS G562T,DISSERTATION,-,-,16,L1,SHAMIK CHAKRABARTI,,,,
2165,BITS G563T,DISSERTATION,-,-,16,L1,SHAMIK CHAKRABARTI,,,,
756,BITS G629T,DISSERTATION,-,-,16,L1,SHAMIK CHAKRABARTI,,,,
757,BITS G649,READING COURSE,-,-,5,L1,SHAMIK CHAKRABARTI,,,,
2167,BITS G661,RESEARCH METHODOLOGY I,-,-,5,L1,SHAMIK CHAKRABARTI,,,,
2613,BITS N301T,PERSONAL INT LEAD ORIENT..,-,-,3,L1,JAYASHREE MAHESH,6105,M W  10 11,,
1073,CE F211,MECHANICS OF SOLIDS,3,-,3,L1,DIPENDU BHUNIA,1202,T Th S  4,12/10 FN1,13/12 FN
,,Tutorial,,,,T1,Dipendu Bhunia,1202,M  1,,
,,,,,,T2,Jaya Kumar Bhaskar M(RS),1204,M  1,,
1075,CE F213,SURVEYING,3,1,4,L1,MUTHUKUMAR G,1202,T Th S  5,10/10 AN1,09/12 FN
,,Tutorial,,,,T1,Muthukumar G,1202,W  1,,
,,,,,,T2,Shreyas Pranav(RS),1203,W  1,,
,,Practical,,,,P1,Ajeyo Mukherjee(RS),1127,S  7 8,,
,,,,,,,Daltej Singh(RS),,,,
,,,,,,P2,Akash Samadhiya(RS),1127,Th  7 8,,
,,,,,,,Rakesh  Kumar V G(RS),,,,
2279,CE F230,CIVIL ENGINEERING MATERI..,3,2,4,L1,MUKUND LAHOTI,1202,M W F  3,14/10 FN1,20/12 FN
,,Tutorial,,,,T1,Mukund Lahoti,1202,Th  1,,
,,,,,,T2,Anant Mishra(RS),1204,Th  1,,
,,Practical,,,,P1,Mukund Lahoti,1124,S  1 2,,
,,,,,,,Ankita Pareek(RS),,,,
,,,,,,,Thakur Ramjiram Singh(RS),,,,
,,,,,,P2,Anuj Adhikari(RS),1124,Th  7 8,,
,,,,,,,Gulshan Kumar Yadav(RS),,,,
,,,,,,,Potdar Namdev Mukund(RS),,,,
2280,CE F231,FLUID MECHANICS,3,-,3,L1,SELVA BALAJI,1202,M W F  2,13/10 AN1,18/12 FN
,,Tutorial,,,,T1,Selva Balaji,1202,T  1,,
,,,,,,T2,Shubham Aggarwal(RS),1203,T  1,,
1652,CE F266,STUDY PROJECT,-,-,3,L1,ANUPAM SINGHAL,,,,
1196,CE F312,HYDRAULIC ENGINEERING,3,1,4,L1,SHIBANI KHANRA JHA,1202,M W F  4,13/10 FN1,15/12 FN
,,Tutorial,,,,T1,Shibani Khanra Jha,1232,Th  2,,
,,,,,,T2,Ankit Kumar(RS),1203,Th  2,,
,,Practical,,,,P1,Kamalesh Kumar,1114,T  7 8,,
,,,,,,,Yashaswi Singh Songara(RS),,,,
,,,,,,,Harishvar J(RS),,,,
,,,,,,P2,Akshay Kumar(RS),1114,Th  7 8,,
,,,,,,,Patil Deshbhushan Savindra(RS),,,,
1197,CE F313,FOUNDATION ENGINEERING,3,-,3,L1,SAYANTAN CHAKRABORTY,1202,T Th S  3,09/10 AN1,07/12 FN
,,Tutorial,,,,T1,Sayantan Chakraborty,1232,F  1,,
,,,,,,T2,Kamalesh Kumar,1226,F  1,,
2281,CE F320,DESIGN OF RE CONCRETE STRU,3,-,3,L1,ANSHUMAN,1202,M W F  5,11/10 FN1,11/12 FN
,,,,,,,Manoj Kumar,,,,
,,Tutorial,,,,T1,Anshuman,1203,T  2,,
,,,,,,T2,Manoj Kumar,1204,T  2,,
,,,,,,,Ankit Singh Mehra(RS),,,,
1217,CE F324,NUMERICAL ANALYSIS,3,-,3,L1,SHIBANI KHANRA JHA,1201,T Th S  5,10/10 AN1,09/12 FN
2304,CE F325,FUNDAMENTALS OF ROCK MEC..,3,-,3,L1,NISHANT ROY,1205,M W F  8,10/10 FN1,08/12 FN
1667,CE F366,LABORATORY PROJECT,-,-,3,L1,ANUPAM SINGHAL,,,,
1737,CE F367,LABORATORY PROJECT,-,-,3,L1,ANUPAM SINGHAL,,,,
1686,CE F376,DESIGN PROJECT,-,-,3,L1,ANUPAM SINGHAL,,,,
1753,CE F377,DESIGN PROJECT,-,-,3,L1,Anupam Singhal,,,,
1231,CE F417,APP OF AI IN CIVIL ENGG,3,-,3,L1,RAJIV GUPTA,1232,T Th S  4,12/10 FN1,13/12 FN
1232,CE F419,GEOTECH EQ ENG & MC FOUN,3,-,3,L1,RAVI KANT MITTAL,1219,M W F  2,13/10 AN1,18/12 FN
1227,CE F431,PRIN OF GEO INFO SYST,3,1,4,L1,RAJIV GUPTA,1231,M W F  3,14/10 FN1,20/12 FN
,,Tutorial,,,,T1,Rajiv Gupta,,,,
1220,CE F434,ENV IMPACT ASSESSMENT,3,-,3,L1,ANUPAM SINGHAL,1231,M W F  9,11/10 AN1,12/12 FN
,,,,,,,Srishti Gyaneshwar Khare(RS),,,,
1711,CE F491,SPECIAL PROJECT,-,-,3,L1,ANUPAM SINGHAL,,,,
433,CE G515,FUNDAMENTALS OF SYS ENGG,3,1,4,L1,RALLAPALLI SRINIVAS,1225,M W F  2,13/10 AN2,18/12 AN
325,CE G523,TRAN SYST PLAN & MANAGE,3,1,4,L1,SUBHASIS PRADHAN,1223,T Th S  2,14/10 AN2,21/12 AN
950,CE G525,WATER RESOUR PLAN & MANA,3,1,4,L1,AJIT PRATAP SINGH,1233,T Th S  3,09/10 AN2,07/12 AN
278,CE G527,CONSTRUCTION MANAGEMENT,3,1,4,L1,ANSHUMAN,1225,T Th S  4,12/10 FN2,13/12 AN
304,CE G534,PAVEMENT MATERIAL CHARAC,3,1,4,L1,DURGESH VIKRAM,1220,M W F  2,13/10 AN2,18/12 AN
931,CE G545,AIRPORT PLANNING & DES,3,1,4,L1,MUTHUKUMAR G,1220,M W F  9,11/10 AN2,12/12 AN
2024,CE G547,PAV FAIL EVAL & REHABIL,3,1,4,L1,VIJAY KAKADE,1205,M W F  3,14/10 FN2,20/12 AN
317,CE G549,RURAL ROAD TECHNOLOGY,3,1,4,L1,Vijay Kakade,1232,M W F  7,09/10 FN2,06/12 AN
880,CE G551,DYNAMICS OF STRUCTURES,3,1,4,L1,RAJESH KUMAR,1205,M W F  5,11/10 FN2,11/12 AN
526,CE G552,ADV STR MECH & STABILITY,3,1,4,L1,RAJESH KUMAR,1225,T Th S  2,14/10 AN2,21/12 AN
2337,CE G565,TRANSPORTATION PLANNING,3,1,4,L1,DURGESH VIKRAM,1222,M W F  8,10/10 FN2,08/12 AN
2339,CE G567,HIGHWAY DESIGN,3,1,4,L1,VIJAY KAKADE,1201,T Th S  3,09/10 AN2,07/12 AN
2340,CE G568,TRAFFIC SYSTEMS ANALYSIS,3,1,4,L1,DURGESH VIKRAM,1222,T Th S  4,12/10 FN2,13/12 AN
345,CE G612,ADVANCED STEEL STRUCTURE,3,1,4,L1,NISHANT ROY,1220,T Th S  4,12/10 FN2,13/12 AN
613,CE G614,PRESTRESS CONCRETE STRUC,3,1,4,L1,SUBHASIS PRADHAN,1225,M W F  3,14/10 FN2,20/12 AN
346,CE G616,BRIDGE ENGINEERING,3,1,4,L1,MANOJ KUMAR,1220,T Th S  5,10/10 AN2,09/12 AN
343,CE G617,ADVANCE STRUC ANALYSIS,3,1,4,L1,SHAMSHER BAHADUR SINGH,1219,T Th S  3,09/10 AN2,07/12 AN
326,CE G619,FINITE ELEMENT ANALYSIS,3,2,5,L1,SHUVENDU NARAYAN PATEL,1226,M W F  4,13/10 FN2,15/12 AN
87,CE G620,ADV FOUNDATION ENGG,3,1,4,L1,RAVI KANT MITTAL,1220,M W F  8,10/10 FN2,08/12 AN
1069,CHE F211,CHEMICAL PROCESS CALCULA,3,-,3,L1,HARE KRISHNA MOHANTA,1223,T Th S  4,12/10 FN1,13/12 FN
,,Tutorial,,,,T1,Hare Krishna Mohanta,1231,M  1,,
,,,,,,,Animikh Goswami(RS),,,,
,,,,,,T2,Srinivas Appari,1232,M  1,,
1072,CHE F212,FLUID MECHANICS,3,-,3,L1,SHETH PRATIK NITINCHANDRA,1223,M W F  3,14/10 FN1,20/12 FN
,,Tutorial,,,,T1,Sheth Pratik Nitinchandra,1231,Th  1,,
,,,,,,,Taniya Kumari Shaw(RS),,,,
,,,,,,T2,Suresh Gupta,1232,Th  1,,
1071,CHE F213,CHEM ENGG THERMODYNAMICS,3,-,3,L1,JAY PANDEY,1223,T Th S  5,10/10 AN1,09/12 FN
,,Tutorial,,,,T1,Arvind Kumar Sharma,1231,W  1,,
,,,,,,T2,Jay Pandey,1232,W  1,,
,,,,,,,Rachael Jovita Barla(RS),,,,
1070,CHE F214,ENGINEERING CHEMISTRY,3,-,3,L1,PRADIPTA CHATTOPADHYAY,1223,M W F  2,13/10 AN1,18/12 FN
,,Tutorial,,,,T1,Sushri Soumya Jena(RS),1231,T  1,,
,,,,,,,Bharat Nayak(RS),,,,
,,,,,,T2,Ipsita Priyadarshini(RS),1232,T  1,,
1653,CHE F266,STUDY PROJECT,-,-,3,L1,SHETH PRATIK NITINCHANDRA,,,,
1184,CHE F311,KINETICS & REACTOR DESIG,3,-,3,L1,SRINIVAS APPARI,1223,T Th S  3,13/10 FN1,15/12 FN
,,Tutorial,,,,T1,Srinivas Appari,1203,F  1,,
,,,,,,,Bhaskar Anurag Varma D(RS),,,,
,,,,,,T2,Sheth Pratik Nitinchandra,1231,F  1,,
1185,CHE F312,CHEMICAL ENGG LAB I,-,3,3,P1,BHANU VARDHAN REDDY KUNC..,1117,M W  1 2,,
,,,,,,P2,Pradipta Chattopadhyay,1117,T Th  7 8,,
1186,CHE F313,SEPARATION PROCESSES II,3,-,3,L1,SOMAK CHATTERJEE,1223,M W F  5,11/10 FN1,11/12 FN
,,Tutorial,,,,T1,Somak Chatterjee,1227,S  1,,
,,,,,,,J. Aditya(RS),,,,
,,,,,,T2,J. Mohan(RS),1233,S  1,,
1187,CHE F314,PROCESS DES PRINCIPLES I,3,-,3,L1,SURESH GUPTA,1223,M W F  4,09/10 AN1,07/12 FN
,,Tutorial,,,,T1,Suresh Gupta,6114,T  10,,
,,,,,,,Anil Kumar K(RS),,,,
,,,,,,T2,Jay Pandey,6118,T  10,,
1668,CHE F366,LABORATORY PROJECT,-,-,3,L1,SHETH PRATIK NITINCHANDRA,,,,
1738,CHE F367,LABORATORY PROJECT,-,-,3,L1,SHETH PRATIK NITINCHANDRA,,,,
1687,CHE F376,DESIGN PROJECT,-,-,3,L1,SHETH PRATIK NITINCHANDRA,,,,
1754,CHE F377,DESIGN PROJECT,-,-,3,L1,SHETH PRATIK NITINCHANDRA,,,,
1206,CHE F411,ENVIR POLLUTION CONTROL,3,-,3,L1,ETIKA KRISHNA CHAITANYA,1204,T Th S  4,12/10 FN1,13/12 FN
1205,CHE F421,BIOCHEMICAL ENGINEERING,3,-,3,L1,AMIT JAIN,1203,M W F  8,10/10 FN1,08/12 FN
2178,CHE F422,PETROLEUM  REFINING TECH..,3,-,3,L1,PRIYA CHRISTINA SANDE,1203,T Th S  5,10/10 AN1,09/12 FN
1209,CHE F491,SPECIAL PROJECTS,-,-,3,L1,SHETH PRATIK NITINCHANDRA,,,,
2262,CHE F497,ATOMIC & MOLECULAR SIMUL..,-,3,3,L1,SARBANI GHOSH,1203,M W F  7,09/10 FN1,06/12 FN
279,CHE G513,ENVIR MANAGEMENT SYSTEMS,-,-,5,L1,SMITA RAGHUVANSHI,1222,M W F  3,14/10 FN2,20/12 AN
2002,CHE G523,MATH METHODS IN CHEM ENG,3,2,5,L1,BHANU VARDHAN REDDY KUNC..,1201,M W F  9,11/10 AN2,12/12 AN
2152,CHE G558,CHEM PROC OPTIMIZATION,-,-,4,L1,AJAYA KUMAR PANI,1226,T Th S  4,12/10 FN2,13/12 AN
2032,CHE G622,ADV CHEMICAL ENGG THERMO,3,2,5,L1,ARVIND KUMAR SHARMA,1234,M W F  5,11/10 FN2,11/12 AN
1006,CHEM F110,CHEMISTRY LABORATORY,-,2,1,P1,Inamur Rahaman Laskar,3147,F  1 2,,
,,,,,,,Tank Disha Harsukhbhai(RS),,,,
,,,,,,,Ritu(RS),,,,
,,,,,,P2,Ram Kinkar Roy,3147,F  3 4,,
,,,,,,,Nandini Roy(RS),,,,
,,,,,,,Heena(RS),,,,
,,,,,,,Prashant Choubey(RS),,,,
,,,,,,P3,MADHUSHREE SARKAR,3147,F  6 7,,
,,,,,,,Sakshi Bajaj(RS),,,,
,,,,,,,Mahima Sahu(RS),,,,
,,,,,,P4,Surojit Pande,3147,F  8 9,,
,,,,,,,Ritu Rani(RS),,,,
,,,,,,,Gadekar Amol Bhagwanrao(RS),,,,
,,,,,,P5,Priyanka Kumari Prasad(RS),3147,M  1 2,,
,,,,,,,Shilpa Palit(RS),,,,
,,,,,,,Susmita Pradhan(RS),,,,
,,,,,,P6,Surojit Pande,3147,M  3 4,,
,,,,,,,Bharat Kaushik(RS),,,,
,,,,,,,Subhro Chatterjee(RS),,,,
,,,,,,P7,Shamik Chakrabarti,3147,M  6 7,,
,,,,,,,Ritu Rani(RS),,,,
,,,,,,,Mahima Sahu(RS),,,,
,,,,,,P8,Anil Kumar,3147,M  8 9,,
,,,,,,,Bharat Kaushik(RS),,,,
,,,,,,,Nidhi(RS),,,,
,,,,,,P9,Aarzoo(RS),3147,S  1 2,,
,,,,,,,Shilpa Palit(RS),,,,
,,,,,,,Ritu Kumari(RS),,,,
,,,,,,P10,Madhushree Sarkar,3147,S  3 4,,
,,,,,,,Nidhi(RS),,,,
,,,,,,,Ritu(RS),,,,
,,,,,,P11,Manisha(RS),3147,S  6 7,,
,,,,,,,Parmeshthi Parikh(RS),,,,
,,,,,,,Shubhangi Sharma(RS),,,,
,,,,,,P12,Nidhi(RS),3147,S  8 9,,
,,,,,,,Khushika(RS),,,,
,,,,,,,Meenu(RS),,,,
,,,,,,,Diksha Rohilla(RS),,,,
,,,,,,P13,Pritam Kumar Jana,3147,T  1 2,,
,,,,,,,Tank Disha Harsukhbhai(RS),,,,
,,,,,,,Arun Patel(RS),,,,
,,,,,,P14,Nidhi(RS),3147,T  3 4,,
,,,,,,,Debrupa Banerjee(RS),,,,
,,,,,,,Khushika(RS),,,,
,,,,,,P15,Aarzoo(RS),3147,T  6 7,,
,,,,,,,Imtiyaz Ahmad Shah(RS),,,,
,,,,,,,Ritu Kumari(RS),,,,
,,,,,,P16,Inamur Rahaman Laskar,3147,T  8 9,,
,,,,,,,Prashant Choubey(RS),,,,
,,,,,,,Shruti Soni(RS),,,,
,,,,,,P17,Priyanka Kumari Prasad(RS),3147,Th  1 2,,
,,,,,,,Priyanka Bhardwaj(RS),,,,
,,,,,,,Shruti Soni(RS),,,,
,,,,,,P18,Amrita Chakraborty,3147,Th  3 4,,
,,,,,,,Parmeshthi Parikh(RS),,,,
,,,,,,,Arun Patel(RS),,,,
,,,,,,P19,Nitika Grover,3147,Th  6 7,,
,,,,,,,Nandini Roy(RS),,,,
,,,,,,,Subhro Chatterjee(RS),,,,
,,,,,,P20,Pritam Kumar Jana,3147,Th  8 9,,
,,,,,,,Sakshi Bajaj(RS),,,,
,,,,,,,Shubhangi Sharma(RS),,,,
,,,,,,P21,Manisha(RS),3147,W  1 2,,
,,,,,,,Nitika Grover,,,,
,,,,,,,Debrupa Banerjee(RS),,,,
,,,,,,P22,Shamik Chakrabarti,3147,W  3 4,,
,,,,,,,Heena(RS),,,,
,,,,,,,Susmita Pradhan(RS),,,,
,,,,,,P23,Anil Kumar,3147,W  6 7,,
,,,,,,,Priyanka Bhardwaj(RS),,,,
,,,,,,,Gadekar Amol Bhagwanrao(RS),,,,
,,,,,,,Diksha Rohilla(RS),,,,
,,,,,,P24,Ram Kinkar Roy,3147,W  8 9,,
,,,,,,,Imtiyaz Ahmad Shah(RS),,,,
,,,,,,,Meenu(RS),,,,
1007,CHEM F111,GENERAL CHEMISTRY,3,-,3,L1,PARITOSH SHUKLA,5105,M W F  2,13/10 FN2,15/12 AN
,,,,,,,Ajay Kumar Sah,,,,
,,,,,,,Prashant Uday Manohar,,,,
,,,,,,L2,Paritosh Shukla,5101,M W F  5,13/10 FN2,15/12 AN
,,,,,,,Ajay Kumar Sah,,,,
,,,,,,,Prashant Uday Manohar,,,,
,,Tutorial,,,,T1,Rajeev Sakhuja,6156,F  1,,
,,,,,,T2,Saumi Ray,6163,F  1,,
,,,,,,T3,Inamur Rahaman Laskar,6162,Th  9,,
,,,,,,T4,Madhushree Sarkar,6107,F  1,,
,,,,,,T5,Prashant Uday Manohar,6153,T  1,,
,,,,,,T6,Partha Sarathi Addy,6154,T  1,,
,,,,,,T7,Anil Kumar,6157,T  1,,
,,,,,,T8,Paritosh Shukla,6161,T  1,,
,,,,,,T9,Anil Kumar,6164,F  1,,
,,,,,,T10,Ajay Kumar Sah,6107,Th  9,,
,,,,,,T11,Paritosh Shukla,6108,Th  9,,
,,,,,,T12,S C Sivasubramanian,6102,Th  9,,
,,,,,,T13,Inamur Rahaman Laskar,6101,T  1,,
1116,CHEM F211,PHYSICAL CHEMISTRY I,3,-,3,L1,SATYAJIT PATRA,6155,M W F  2,13/10 AN1,18/12 FN
,,Tutorial,,,,T1,Satyajit Patra,6155,Th  1,,
1117,CHEM F212,ORGANIC CHEMISTRY I,3,-,3,L1,PARTHA SARATHI ADDY,6164,T Th S  5,10/10 AN1,09/12 FN
,,Tutorial,,,,T1,Partha Sarathi Addy,6156,W  1,,
1118,CHEM F213,PHYSICAL CHEMISTRY II,3,-,3,L1,PRASHANT UDAY MANOHAR,6155,T Th S  4,12/10 FN1,13/12 FN
,,Tutorial,,,,T1,Prashant Uday Manohar,6152,T  9,,
1119,CHEM F214,INORGANIC CHEMISTRY I,3,-,3,L1,SAUMI RAY,6155,M W F  3,14/10 FN1,20/12 FN
,,Tutorial,,,,T1,Saumi Ray,6152,M  1,,
1654,CHEM F266,STUDY PROJECT,-,-,3,L1,INDRESH KUMAR,,,,
1559,CHEM F311,ORGANIC CHEMISTRY III,3,-,3,L1,RAJEEV SAKHUJA,6161,T Th S  2,14/10 AN1,21/12 FN
,,Tutorial,,,,T1,Rajeev Sakhuja,6153,F  1,,
1560,CHEM F312,PHYSICAL CHEMISTRY IV,3,-,3,L1,S C SIVASUBRAMANIAN,6153,M W F  5,11/10 FN1,11/12 FN
,,Tutorial,,,,T1,S C Sivasubramanian,6156,S  1,,
1558,CHEM F313,INSTRU METHODS OF ANAL,3,1,4,L1,MRINMOYEE BASU,6153,T Th S  3,09/10 AN1,07/12 FN
,,Tutorial,,,,T1,Mrinmoyee Basu,6153,M  4,,
,,Practical,,,,P1,Satyajit Patra,3155,T  7 8 9,,
,,,,,,,Dalip Kumar,,,,
,,,,,,,Bisakha (rs),,,,
,,,,,,,Prakriti Saraf(RS),,,,
,,,,,,,Sakshi(RS),,,,
,,,,,,,Ajeet Singh(RS),,,,
,,,,,,,Annu(RS),,,,
,,,,,,,Sneha Tailor(RS),,,,
,,,,,,P2,Mrinmoyee Basu,3155,Th  7 8 9,,
,,,,,,,Avik Kumar Pati,,,,
,,,,,,,Pragya(RS),,,,
,,,,,,,Nipate Dhananjay Shrinivas(RS),,,,
,,,,,,,Shivani Bharatkumar Thakkar(RS),,,,
,,,,,,,Ajeet Singh(RS),,,,
,,,,,,,Sonika(RS),,,,
,,,,,,,Sumit(RS),,,,
1570,CHEM F323,BIOPHYSICAL CHEMISTRY,3,-,3,L1,AJAY KUMAR SAH,6157,T Th S  4,12/10 FN1,13/12 FN
1577,CHEM F327,ELECTROCHEM FUNDA & APPL,3,-,3,L1,SUROJIT PANDE,6154,T Th S  5,10/10 AN1,09/12 FN
1583,CHEM F333,CHEMISTRY OF MATERIALS,3,-,3,L1,BHARTI KHUNGAR,6154,M W F  7,09/10 FN1,06/12 FN
1585,CHEM F335,ORGANIC CHEM & DRUG DES,3,-,3,L1,DALIP KUMAR,6104,M W F  9,11/10 AN1,12/12 FN
1587,CHEM F337,GREEN CHEM & CATALYSIS,3,-,3,L1,BIBHAS RANJAN SARKAR,6153,M W F  8,10/10 FN1,08/12 FN
1669,CHEM F366,LABORATORY PROJECT,-,-,3,L1,INDRESH KUMAR,,,,
1739,CHEM F367,LABORATORY PROJECT,-,-,3,L1,INDRESH KUMAR,,,,
1688,CHEM F376,DESIGN PROJECT,-,-,3,L1,INDRESH KUMAR,,,,
1755,CHEM F377,DESIGN PROJECT,-,-,3,L1,INDRESH KUMAR,,,,
1574,CHEM F422,STATISTICAL THERMODYNAM,3,-,3,L1,PRITAM KUMAR JANA,6153,M W F  3,14/10 FN1,20/12 FN
1713,CHEM F491,SPECIAL PROJECT,-,-,3,L1,INDRESH KUMAR,,,,
2034,CHEM G521,ENVIRONMENTAL CHEMISTRY,-,-,5,L1,Bibhas Ranjan Sarkar,6104,M W F  4,13/10 FN2,15/12 AN
736,CHEM G551,ADV ORGANIC CHEMISTRY,-,-,5,L1,INDRESH KUMAR,6153,M W F  2,13/10 AN2,18/12 AN
937,CHEM G553,ADV PHYSICAL CHEMISTRY,-,-,5,L1,SHAMIK CHAKRABARTI,6154,T Th S  4,12/10 FN2,13/12 AN
1008,CS F111,COMPUTER PROGRAMMING,3,1,4,L1,Vinti Agarwal,5105,M W F  3,12/10 FN2,13/12 AN
,,,,,,,Pawan Kumar Mishra,,,,
,,,,,,L2,TEJASVI ALLADI,5102,M W F  5,12/10 FN2,13/12 AN
,,,,,,,Asish Bera,,,,
,,Practical,,,,P1,Oshin Rawlley(RS),6017,F  6 7,,
,,,,,,P2,Anish(RS),6114,F  6 7,,
,,,,,,P3,Ishita Jain,6019,F  8 9,,
,,,,,,P4,Ishita Jain,6018,F  8 9,,
,,,,,,P5,Aravind B S(RS),6117,F  8 9,,
,,,,,,P6,Arti Jha(RS),6119,F  8 9,,
,,,,,,P7,Devika S(RS),6016,F  8 9,,
,,,,,,P8,Aarti(RS),6018,M  8 9,,
,,,,,,P9,Anish(RS),6019,M  8 9,,
,,,,,,P10,Aravind B S(RS),6017,M  8 9,,
,,,,,,P11,Shweta Valavarasu,6114,S  7 8,,
,,,,,,P12,Shweta Valavarasu,6117,S  7 8,,
,,,,,,P13,Oshin Rawlley(RS),6018,W  8 9,,
,,,,,,P14,Arti Jha(RS),6017,W  8 9,,
,,,,,,P15,Devika S(RS),6019,W  8 9,,
1092,CS F213,OBJECT ORIENTED PROG,3,1,4,L1,ASISH BERA,5106,T Th S  5,10/10 AN1,09/12 FN
,,,,,,,Tanmay Mahapatra,,,,
,,Practical,,,,P1,Aditya Sharma(RS),6017,T  7 8,,
,,,,,,P2,Aditya Sharma(RS),6117,Th  7 8,,
,,,,,,P3,Ashish Verma(RS),6118,S  7 8,,
,,,,,,P4,Ashish Verma(RS),6114,Th  7 8,,
,,,,,,P5,Nivedan Yakolli,6118,M  4 5,,
,,,,,,P6,Nivedan Yakolli,6119,S  7 8,,
1090,CS F214,LOGIC IN COMPUTER SC,3,-,3,L1,JAGAT SESH CHALLA,5101,M W F  3,14/10 FN1,20/12 FN
,,Tutorial,,,,T1,L Rajya Lakshmi,6104,Th  1,,
,,,,,,T2,L Rajya Lakshmi,6103,W  1,,
,,,,,,T3,L Rajya Lakshmi,6103,M  1,,
,,,,,,T4,Ravi Kant(RS),6107,Th  1,,
,,,,,,T5,Ravi Kant(RS),6104,W  1,,
,,,,,,T6,Ravi Kant(RS),6104,M  1,,
1093,CS F215,DIGITAL DESIGN,3,1,4,L1,PAWAN KAMALKISHOR AJMERA,5101,M W F  2,13/10 AN1,18/12 FN
,,,,,,L2,Sudeept Mohan,5106,M W F  2,13/10 AN1,18/12 FN
,,Tutorial,,,,T1,Sai Sesha Chalapathi Gattupalli,1204,T  1,,
,,,,,,T2,Qaiser Razi(RS),1226,T  1,,
,,,,,,T3,Jyoti Pandey (nee Jyoti Nautiyal)(RS),1205,T  1,,
,,,,,,T4,Pawan Kamalkishor Ajmera,1223,T  1,,
,,,,,,T5,Arnab Hazra,1201,T  1,,
,,,,,,T6,Anubhav Elhence(RS),1227,T  1,,
,,,,,,T7,Nihit Bhatnagar(RS),1233,T  1,,
,,,,,,T8,Buddhi Prakash Sharma(RS),1234,T  1,,
,,,,,,T9,Yenuganti Sujan,1220,T  1,,
,,,,,,T10,Bijoy Krishna Mukherjee,1225,T  1,,
,,Practical,,,,P1,Km Pooja Maurya(RS),2241,M  4 5,,
,,,,,,,Divyanshu(RS),,,,
,,,,,,P2,Somesh Krishna Thanvi(RS),2241,T  2 3,,
,,,,,,,Divyanshu(RS),,,,
,,,,,,P3,Nihit Bhatnagar(RS),2241,T  7 8,,
,,,,,,,Jyoti Pandey (nee Jyoti Nautiyal)(RS),,,,
,,,,,,P4,Qaiser Razi(RS),2241,Th  2 3,,
,,,,,,,Balamurugan P(RS),,,,
,,,,,,P5,Km Pooja Maurya(RS),2241,Th  7 8,,
,,,,,,,Somesh Krishna Thanvi(RS),,,,
,,,,,,P6,Nihit Bhatnagar(RS),2241,W  4 5,,
,,,,,,,Akhil Misra(RS),,,,
,,,,,,P7,Sumitra(RS),2241,W  7 8,,
,,,,,,,Qaiser Razi(RS),,,,
1091,CS F222,DISCR STRUC FOR COMP SCI,3,-,3,L1,SUNDARESAN RAMAN,5101,T Th S  4,12/10 FN1,13/12 FN
,,,,,,,L Rajya Lakshmi,,,,
,,Tutorial,,,,T1,Ankit Agrawal(RS),6107,M  1,,
,,,,,,T2,Ankit Agrawal(RS),6108,Th  1,,
,,,,,,T3,Bhaskar  Mangal(RS),6108,M  1,,
,,,,,,T4,Bhaskar  Mangal(RS),6101,Th  1,,
,,,,,,T5,Laxmi Divya Chhibbar(RS),6101,M  1,,
,,,,,,T6,Laxmi Divya Chhibbar(RS),6102,Th  1,,
1655,CS F266,STUDY PROJECT,-,-,3,L1,NAVNEET GOYAL,,,,
1316,CS F301,PRINCIPLES OF PROGG LANG,2,-,2,L1,VANDANA AGARWAL,5101,T Th  2,14/10 AN1,21/12 FN
,,,,,,,Amit Dua,,,,
,,Tutorial,,,,T1,Amit Dua,6154,S  2,,
,,,,,,T2,Amit Dua,6105,F  1,,
,,,,,,T3,Syed Sameen Ahmad Rizvi(RS),6158,S  2,,
,,,,,,T4,Syed Sameen Ahmad Rizvi(RS),6109,F  1,,
,,,,,,T5,To Be Announced By Csis Dept,6159,S  2,,
,,,,,,T6,To Be Announced By Csis Dept,1219,F  1,,
2266,CS F320,FOUNDATIONS OF DATA SCIE..,3,-,3,L1,BHARAT RICHHARIYA,6101,T Th S  5,10/10 AN1,09/12 FN
,,,,,,L1M,Bharat Richhariya,6101,T Th S  5,10/10 AN1,09/12 FN
,,Practical,,,,P1,Anupama(RS),6016,T  7 8,,
,,,,,,P2,Anupama(RS),6017,S  7 8,,
1317,CS F342,COMPUTER ARCHITECTURE,3,1,4,L1,SUDEEPT MOHAN,6109,T Th S  3,09/10 AN1,07/12 FN
,,,,,,L2,Janardan Prasad Misra,6163,T Th S  3,09/10 AN1,07/12 FN
,,Practical,,,,P1,Kaushal Kishore Tiwari,6019,M  1 2,,
,,,,,,P2,Kaushal Kishore Tiwari,6019,T  4 5,,
,,,,,,P3,Buddhi Prakash Sharma(RS),6019,T  7 8,,
,,,,,,P4,Pediredla Praveen Kumar(RS),6119,T  7 8,,
,,,,,,P5,Buddhi Prakash Sharma(RS),6019,Th  7 8,,
,,,,,,P6,Pediredla Praveen Kumar(RS),6018,Th  7 8,,
1314,CS F351,THEORY OF COMPUTATION,3,-,3,L1,VISHAL GUPTA,6109,M W F  4,13/10 FN1,15/12 FN
,,,,,,,Shashank Gupta,,,,
,,Tutorial,,,,T1,Shashank Gupta,6103,F  1,,
,,,,,,T2,Shashank Gupta,6104,S  2,,
,,,,,,T3,Abhishek Mishra,6104,F  1,,
,,,,,,T4,Abhishek Mishra,6151,S  2,,
,,,,,,T5,Ramakant Upadhyay(RS),6108,S  2,,
1670,CS F366,LABORATORY PROJECT,-,-,3,L1,NAVNEET GOYAL,,,,
1740,CS F367,LABORATORY PROJECT,-,-,3,L1,NAVNEET GOYAL,,,,
1315,CS F372,OPERATING SYSTEMS,3,-,3,L1,JANARDAN PRASAD MISRA,6109,M W F  5,11/10 FN1,11/12 FN
,,,,,,,Virendra Singh Shekhawat,,,,
,,Tutorial,,,,T1,"Adapa Dharmateja Kaliprasad
Hemasri(RS)",6103,S  1,,
,,,,,,T2,"Adapa Dharmateja Kaliprasad
Hemasri(RS)",6103,Th  9,,
,,,,,,T3,Yemineni Ashok(RS),6104,S  1,,
,,,,,,T4,Yemineni Ashok(RS),6104,Th  9,,
,,,,,,T5,Nikhil Maurya,6107,S  1,,
1689,CS F376,DESIGN PROJECT,-,-,3,L1,NAVNEET GOYAL,,,,
1756,CS F377,DESIGN PROJECT,-,-,3,L1,NAVNEET GOYAL,,,,
1333,CS F407,ARTIFICIAL INTELLIGENCE,3,-,3,L1,VANDANA AGARWAL,6101,M W F  9,11/10 AN1,12/12 FN
,,,,,,,Vishal Gupta,,,,
,,,,,,L1M,Vandana Agarwal,,M W F  9,11/10 AN1,12/12 FN
1322,CS F415,DATA MINING,3,-,3,L1,YASHVARDHAN SHARMA,6101,M W F  7,09/10 FN1,06/12 FN
,,,,,,,Kamlesh Tiwari,,,,
,,,,,,L1M,Yashvardhan Sharma,6101,M W F  7,09/10 FN1,06/12 FN
,,,,,,,Kamlesh Tiwari,,,,
,,Practical,,,,P1,Anubhav Pandey(RS),6018,T  7 8,,
,,,,,,P2,Anubhav Pandey(RS),6018,S  7 8,,
2440,CS F425,DEEP LEARNING,3,-,3,L1,PRATIK NARANG,6104,M W F  3,14/10 FN1,20/12 FN
,,,,,,,Bharat Richhariya,,,,
,,,,,,,Mohit(RS),,,,
2441,CS F426,GRAPH MINING,3,1,4,L1,VINTI AGARWAL,6103,T Th S  4,12/10 FN1,13/12 FN
,,,,,,L1M,Vinti Agarwal,6103,T Th S  4,12/10 FN1,13/12 FN
,,Practical,,,,P1,Vinti Agarwal,6019,S  7 8,,
2444,CS F429,NATURAL LANGUAGE PROCESS..,3,-,3,L1,POONAM GOYAL,5103,T Th S  4,12/10 FN1,13/12 FN
,,,,,,,Neha Choudhary(RS),,,,
1325,CS F441,SEL TOPICS FROM COMP SC,-,-,3,L1,SUNDARESAN RAMAN,5103,M W F  8,14/10 AN2,21/12 AN
2432,CS F451,COMBINATORIAL MATHEMATICS,3,-,3,L1,KRISHNENDRA SHEKHAWAT,1233,M W F  3,14/10 FN1,20/12 FN
1714,CS F491,SPECIAL PROJECT,-,-,3,L1,NAVNEET GOYAL,,,,
356,CS G514,OBJ ORI ANALYS & DESIGN,2,2,4,L1,MUKESH KUMAR ROHIL,6102,M W F  1,09/10 AN2,07/12 AN
2450,CS G518,INTERNET OF THINGS: DESN..,3,1,4,L1,ASHUTOSH BHATIA,6108,T Th S  4,12/10 FN2,13/12 AN
,,Practical,,,,P1,Ashutosh Bhatia,6114,T  7 8,,
2451,CS G519,SOCIAL MEDIA ANALYTICS,3,1,4,L1,POONAM GOYAL,5103,M W F  10,12/10 AN2,14/12 AN
,,,,,,,Priyank Jairaj,,,,
,,,,,,L1M,Poonam Goyal,5103,M W F  10,12/10 AN2,14/12 AN
,,,,,,,Priyank Jairaj,,,,
,,Practical,,,,P1,Priyank Jairaj,6119,Th  7 8,,
2004,CS G525,ADV COMPUTER NETWORKS,3,2,5,L1,VIRENDRA SINGH SHEKHAWAT,6103,M W F  9,11/10 AN2,12/12 AN
2005,CS G526,ADV ALGO & COMPLEXITY,3,2,5,L1,ABHISHEK MISHRA,6103,T Th S  5,10/10 AN2,09/12 AN
,,,,,,,Pawan Kumar Mishra,,,,
2108,CS G527,CLOUD COMPUTING,-,-,5,L1,HARIBABU K,6103,M W F  3,14/10 FN2,20/12 AN
,,,,,,,Shreeram Hudda(RS),,,,
782,CS G623,ADVANCED OPERAT SYSTEMS,3,2,5,L1,PRATIK NARANG,6101,M W F  8,10/10 FN2,08/12 AN
,,,,,,,Avinash Gautam,,,,
445,DE G513,TRIBOLOGY,-,-,5,L1,ARUN KUMAR JALAN,1205,T Th S  4,12/10 FN2,13/12 AN
362,DE G531,PRODUCT DESIGN,3,2,5,L1,KULDIP SINGH SANGWAN,1220,T Th S  3,09/10 AN2,07/12 AN
678,DE G611,DYNAMICS & VIBRATION,3,2,5,L1,ARUN KUMAR JALAN,1205,M W F  9,11/10 AN2,12/12 AN
625,DE G631,MATERIALS TECH & TESTING,3,2,5,L1,SHARAD SHRIVASTAVA,1225,M W F  9,11/10 AN2,12/12 AN
1380,ECE F211,ELECTRICAL MACHINES,3,1,4,L1,HITESH DATT MATHUR,5102,M W F  3,14/10 FN1,20/12 FN
,,,,,,,Ashish Patel,,,,
,,Tutorial,,,,T1,Aditya Raw Gautam,1223,Th  1,,
,,,,,,T2,Dheerendra Singh,1227,Th  1,,
,,,,,,T3,Hitesh Datt Mathur,1233,Th  1,,
,,,,,,T4,Hari Om Bansal,1234,Th  1,,
,,,,,,T5,Rajneesh Kumar,6161,Th  1,,
,,,,,,T6,Ashish Patel,6162,Th  1,,
,,Practical,,,,P1,Surabhi Singh(RS),2119,T  7 8,,
,,,,,,,Shivangi Kaushik(RS),,,,
,,,,,,P2,Shubham Tiwary(RS),2119,Th  7 8,,
,,,,,,,Surabhi Singh(RS),,,,
,,,,,,P3,Krishna Kumar Saini(RS),2119,M  7 8,,
,,,,,,,Preeti Sharma(RS),,,,
,,,,,,P4,Sisir Kumar Yadav(RS),2119,T  2 3,,
,,,,,,,Preeti Sharma(RS),,,,
,,,,,,P5,Preeti Sharma(RS),2119,M  4 5,,
,,,,,,,Shivangi Kaushik(RS),,,,
,,,,,,P6,Surabhi Singh(RS),2119,S  7,,
,,,,,,,Pavitra Sharma(RS),,,,
,,,,,,P7,Krishna Kumar Saini(RS),2119,Th  2 3,,
,,,,,,,Sisir Kumar Yadav(RS),,,,
1381,ECE F212,ELECTROMAGNETIC THEORY,3,-,3,L1,PRAVEEN KUMAR A.V.,5102,T Th S  5,10/10 AN1,09/12 FN
,,Tutorial,,,,T1,Ashish Patel,1223,W  1,,
,,,,,,T2,Rahul Kumar,1233,W  1,,
,,,,,,T3,Pankaj Arora,1234,W  1,,
,,,,,,T4,Rahul Runthala,1227,W  1,,
,,,,,,T5,Sharda Tripathi,6107,W  1,,
1383,ECE F214,ELECTRONIC DEVICES,3,-,3,L1,NAVNEET GUPTA,5105,T Th S  4,12/10 FN1,13/12 FN
,,,,,,,Rahul Kumar,,,,
,,Tutorial,,,,T1,Arnab Hazra,1223,M  1,,
,,,,,,T2,Yenuganti Sujan,1227,M  1,,
,,,,,,T3,Aishwarya Tomar(RS),1233,M  1,,
,,,,,,T4,Satyendra Kumar Mourya,1234,M  1,,
,,,,,,T5,Rahul Kumar,2203,M  1,,
,,,,,,T6,Abhijit Rameshwar Asati,2207,M  1,,
1382,ECE F215,DIGITAL DESIGN,3,1,4,L1,PAWAN KAMALKISHOR AJMERA,5101,M W F  2,13/10 AN1,18/12 FN
,,,,,,L2,Sudeept Mohan,5106,M W F  2,13/10 AN1,18/12 FN
,,Tutorial,,,,T1,Sai Sesha Chalapathi Gattupalli,1204,T  1,,
,,,,,,T2,Qaiser Razi(RS),1226,T  1,,
,,,,,,T3,Jyoti Pandey (nee Jyoti Nautiyal)(RS),1205,T  1,,
,,,,,,T4,Pawan Kamalkishor Ajmera,1223,T  1,,
,,,,,,T5,Arnab Hazra,1201,T  1,,
,,,,,,T6,Anubhav Elhence(RS),1227,T  1,,
,,,,,,T7,Nihit Bhatnagar(RS),1233,T  1,,
,,,,,,T8,Buddhi Prakash Sharma(RS),1234,T  1,,
,,,,,,T9,Yenuganti Sujan,1220,T  1,,
,,,,,,T10,Bijoy Krishna Mukherjee,1225,T  1,,
,,Practical,,,,P1,Km Pooja Maurya(RS),2241,M  4 5,,
,,,,,,,Divyanshu(RS),,,,
,,,,,,P2,Somesh Krishna Thanvi(RS),2241,T  2 3,,
,,,,,,,Divyanshu(RS),,,,
,,,,,,P3,Nihit Bhatnagar(RS),2241,T  7 8,,
,,,,,,,Jyoti Pandey (nee Jyoti Nautiyal)(RS),,,,
,,,,,,P4,Qaiser Razi(RS),2241,Th  2 3,,
,,,,,,,Balamurugan P(RS),,,,
,,,,,,P5,Km Pooja Maurya(RS),2241,Th  7 8,,
,,,,,,,Somesh Krishna Thanvi(RS),,,,
,,,,,,P6,Nihit Bhatnagar(RS),2241,W  4 5,,
,,,,,,,Akhil Misra(RS),,,,
,,,,,,P7,Sumitra(RS),2241,W  7 8,,
,,,,,,,Qaiser Razi(RS),,,,
1701,ECE F266,STUDY PROJECT,-,-,3,L1,NAVNEET GUPTA,,,,
1389,ECE F311,COMMUNICATION SYSTEMS,3,1,4,L1,SYED MOHAMMAD ZAFARUDDIN,5106,T Th S  3,09/10 AN1,07/12 FN
,,Tutorial,,,,T1,Sharda Tripathi,1205,S  1,,
,,,,,,T2,Pawan Kamalkishor Ajmera,1202,S  1,,
,,,,,,T3,Syed Mohammad Zafaruddin,1204,S  1,,
,,,,,,T4,Satyam,1226,S  1,,
,,Practical,,,,P1,Pranay Bhardwaj(RS),6118,T  7 8,,
,,,,,,,Ananya Garg(RS),,,,
,,,,,,P2,Pranay Bhardwaj(RS),6116,S  7 8,,
,,,,,,,Ananya Garg(RS),,,,
,,,,,,P3,Neha Choudhary(RS),6117,T  7 8,,
,,,,,,,Akhil Misra(RS),,,,
,,,,,,P4,Chougule Amit Umesh(RS),6016,S  7 8,,
,,,,,,,Akhil Misra(RS),,,,
,,,,,,P5,Rohit Kumar(RS),6013,S  7 8,,
,,,,,,,Radha Bhardwaj(RS),,,,
1894,ECE F312,EM FIELDS AND MICROWAVE ..,-,1,1,P1,PANKAJ ARORA,2237,S  7 8,,
,,,,,,,Regalla Premsai(RS),,,,
1388,ECE F314,EM FIELDS  & MICRO WAVE ..,3,-,3,L1,PANKAJ ARORA,1226,M W F  5,11/10 FN1,11/12 FN
,,,,,,,Navneet Gupta,,,,
,,Tutorial,,,,T1,Pankaj Arora,1219,S  2,,
,,,,,,T2,Rahul Singhal,1220,S  2,,
1702,ECE F366,LABORATORY PROJECT,-,-,3,L1,NAVNEET GUPTA,,,,
1705,ECE F367,LABORATORY PROJECT,-,-,3,L1,NAVNEET GUPTA,,,,
1703,ECE F376,DESIGN PROJECT,-,-,3,L1,NAVNEET GUPTA,,,,
1706,ECE F377,DESIGN PROJECT,-,-,3,L1,NAVNEET GUPTA,,,,
1392,ECE F434,DIGITAL SIGNAL PROCESS,3,1,4,L1,SANDEEP JOSHI,1223,M W F  9,11/10 AN1,12/12 FN
,,Practical,,,,P1,Akanksha Sharma(RS),6116,T  1 2,,
,,,,,,,Shashank Srivastava(RS),,,,
,,,,,,P2,Akanksha Sharma(RS),6116,Th  7 8,,
1023,ECON F211,PRINCIPLES OF ECONOMICS,3,-,3,L1,ARUN KUMAR GIRI,6151,T Th S  4,12/10 FN1,13/12 FN
,,,,,,,Krishna M,,,,
,,Tutorial,,,,T1,Angana Parashar Sarma(RS),6151,M  1,,
1120,ECON F212,FUNDA OF FIN AND ACCOUNT,3,-,3,L1,KRISHNA M,6109,M W F  3,14/10 FN1,20/12 FN
,,,,,,,Aprajita Pandey,,,,
,,,,,,L1M,Krishna M,6109,M W F  3,14/10 FN1,20/12 FN
,,,,,,,Aprajita Pandey,,,,
1121,ECON F213,MATHEMATIC & STAT METHOD,3,-,3,L1,RAHUL ARORA,6151,T Th S  5,10/10 AN1,09/12 FN
,,Tutorial,,,,T1,Sharadendu Sharma(RS),6151,W  1,,
1145,ECON F214,ECONOMIC ENV OF BUSINESS,3,-,3,L1,BALAKRUSHNA PADHI,6101,M W F  2,13/10 AN1,18/12 FN
,,Tutorial,,,,T1,Himja(RS),6152,T  1,,
1442,ECON F241,ECONOMETRIC METHODS,3,-,3,L1,MURALIDHAR RAO N V,6153,T Th S  4,12/10 FN1,13/12 FN
,,,,,,L1M,,,T Th S  4,12/10 FN1,13/12 FN
,,Tutorial,,,,T1,Hitesh Kamboj(RS),6153,M  1,,
1656,ECON F266,STUDY PROJECT,-,-,3,L1,KRISHNA M,,,,
1446,ECON F311,INTERNATIONAL ECONOMICS,3,-,3,L1,GEETILAXMI MOHAPATRA,6152,M W F  4,13/10 FN1,15/12 FN
,,Tutorial,,,,T1,Neha Jain(RS),6151,Th  2,,
1447,ECON F312,MONEY BANK & FIN MARKETS,3,-,3,L1,ARUN KUMAR GIRI,6151,M W F  5,11/10 FN1,11/12 FN
,,,,,,L1M,Arun Kumar Giri,6151,M W F  5,11/10 FN1,11/12 FN
,,Tutorial,,,,T1,Karambir Singh Dhayal(RS),6151,T  2,,
1448,ECON F313,ISSUES IN ECONOMIC DEV,3,-,3,L1,DEBI PRASAD BAL,6151,T Th S  3,09/10 AN1,07/12 FN
,,Tutorial,,,,T1,Rahul Kumar(RS),6151,F  1,,
1923,ECON F315,FINANCIAL MANAGEMENT,3,-,3,L1,RAJAN PANDEY,6109,T Th S  4,12/10 FN1,13/12 FN
,,,,,,L1M,Rajan Pandey,6109,T Th S  4,12/10 FN1,13/12 FN
1565,ECON F354,DERIVATIVES & RISK MGMT,3,-,3,L1,DEBATA BYOMAKESH,6109,M W F  9,11/10 AN1,12/12 FN
,,,,,,,Rajan Pandey,,,,
,,,,,,L1M,Debata Byomakesh,6109,M W F  9,11/10 AN1,12/12 FN
,,,,,,,Rajan Pandey,,,,
1547,ECON F355,BUSS ANAL & VALUATION,3,-,3,L1,APRAJITA PANDEY,6109,M W F  8,10/10 FN1,08/12 FN
,,,,,,L1M,Aprajita Pandey,6109,M W F  8,,
1684,ECON F366,LABORATORY PROJECT,-,-,3,L1,KRISHNA M,,,,
1741,ECON F367,LABORATORY PROJECT,-,-,3,L1,KRISHNA M,,,,
1690,ECON F376,DESIGN PROJECT,-,-,3,L1,KRISHNA M,,,,
1757,ECON F377,DESIGN PROJECT,-,-,3,L1,KRISHNA M,,,,
1566,ECON F412,SECUR ANAL & PORTFOL MGT,3,-,3,L1,ARYA KUMAR,6109,M W F  7,09/10 FN1,06/12 FN
,,,,,,,Rajan Pandey,,,,
,,,,,,L1M,Arya Kumar,6109,M W F  7,09/10 FN1,06/12 FN
,,,,,,,Rajan Pandey,,,,
1552,ECON F414,CREAT & LEAD ENTREP ORGN,3,-,3,L1,ARYA KUMAR,6154,M W F  2,13/10 AN1,18/12 FN
,,,,,,,Jyoti,,,,
1553,ECON F415,NEW VENTURE CREATION,3,-,3,L1,JYOTI,,T Th  10 11,,
1726,ECON F491,SPECIAL PROJECT,-,-,3,L1,KRISHNA M,,,,
2591,EE G501,ENVIRONMENTAL SAMPLING A..,-,-,5,L1,PUBALI MANDAL,1219,M W F  9,11/10 AN2,12/12 AN
1009,EEE F111,ELECTRICAL SCIENCES,3,-,3,L1,Syed Mohammad Zafaruddin,5106,M W F  5,09/10 AN2,07/12 AN
,,,,,,,Dheerendra Singh,,,,
,,,,,,L2,HARI OM BANSAL,5101,T Th S  5,09/10 AN2,07/12 AN
,,,,,,,Rajneesh Kumar,,,,
,,Tutorial,,,,T1,Rajneesh Kumar,1219,S  1,,
,,,,,,T2,Aditya Raw Gautam,1220,S  1,,
,,,,,,T3,Karunesh Kr Gupta,1222,S  1,,
,,,,,,T4,Hari Om Bansal,1225,S  1,,
,,,,,,T5,Bijoy Krishna Mukherjee,6103,Th  1,,
,,,,,,T6,Pankaj Arora,1219,Th  1,,
,,,,,,T7,Punam Tiwari,1220,Th  1,,
,,,,,,T8,Karunesh Kr Gupta,1222,Th  1,,
,,,,,,T9,Sai Sesha Chalapathi Gattupalli,1231,Th  9,,
,,,,,,T10,Rahul Kumar,1232,Th  9,,
,,,,,,T11,Puneet Mishra,1219,Th  9,,
,,,,,,T12,Dheerendra Singh,1220,Th  9,,
1077,EEE F211,ELECTRICAL MACHINES,3,1,4,L1,HITESH DATT MATHUR,5102,M W F  3,14/10 FN1,20/12 FN
,,,,,,,Ashish Patel,,,,
,,Tutorial,,,,T1,Aditya Raw Gautam,1223,Th  1,,
,,,,,,T2,Dheerendra Singh,1227,Th  1,,
,,,,,,T3,Hitesh Datt Mathur,1233,Th  1,,
,,,,,,T4,Hari Om Bansal,1234,Th  1,,
,,,,,,T5,Rajneesh Kumar,6161,Th  1,,
,,,,,,T6,Ashish Patel,6162,Th  1,,
,,Practical,,,,P1,Surabhi Singh(RS),2119,T  7 8,,
,,,,,,,Shivangi Kaushik(RS),,,,
,,,,,,P2,Shubham Tiwary(RS),2119,Th  7 8,,
,,,,,,,Surabhi Singh(RS),,,,
,,,,,,P3,Krishna Kumar Saini(RS),2119,M  7 8,,
,,,,,,,Preeti Sharma(RS),,,,
,,,,,,P4,Sisir Kumar Yadav(RS),2119,T  2 3,,
,,,,,,,Preeti Sharma(RS),,,,
,,,,,,P5,Preeti Sharma(RS),2119,M  4 5,,
,,,,,,,Shivangi Kaushik(RS),,,,
,,,,,,P6,Shubham Tiwary(RS),2119,S  7 8,,
,,,,,,,Preeti Sharma(RS),,,,
,,,,,,P7,Krishna Kumar Saini(RS),2119,Th  2 3,,
,,,,,,,Sisir Kumar Yadav(RS),,,,
1078,EEE F212,ELECTROMAGNETIC THEO,3,-,3,L1,PRAVEEN KUMAR A.V.,5102,T Th S  5,10/10 AN1,09/12 FN
,,Tutorial,,,,T1,Ashish Patel,1223,W  1,,
,,,,,,T2,Rahul Singhal,1233,W  1,,
,,,,,,T3,Pankaj Arora,1234,W  1,,
,,,,,,T4,Rahul Runthala,1227,W  1,,
,,,,,,T5,Sharda Tripathi,6107,W  1,,
1080,EEE F214,ELECTRONIC DEVICES,3,-,3,L1,NAVNEET GUPTA,5105,T Th S  4,12/10 FN1,13/12 FN
,,,,,,,Rahul Kumar,,,,
,,Tutorial,,,,T1,Arnab Hazra,1223,M  1,,
,,,,,,T2,Yenuganti Sujan,1227,M  1,,
,,,,,,T3,Aishwarya Tomar(RS),1233,M  1,,
,,,,,,T4,Satyendra Kumar Mourya,1234,M  1,,
,,,,,,T5,Rahul Kumar,2203,M  1,,
,,,,,,T6,Abhijit Rameshwar Asati,2207,M  1,,
1079,EEE F215,DIGITAL DESIGN,3,1,4,L1,PAWAN KAMALKISHOR AJMERA,5101,M W F  2,13/10 AN1,18/12 FN
,,,,,,L2,Sudeept Mohan,5106,M W F  2,13/10 AN1,18/12 FN
,,Tutorial,,,,T1,Sai Sesha Chalapathi Gattupalli,1204,T  1,,
,,,,,,T2,Qaiser Razi(RS),1226,T  1,,
,,,,,,T3,Jyoti Pandey (nee Jyoti Nautiyal)(RS),1205,T  1,,
,,,,,,T4,Pawan Kamalkishor Ajmera,1223,T  1,,
,,,,,,T5,Arnab Hazra,1201,T  1,,
,,,,,,T6,Anubhav Elhence(RS),1227,T  1,,
,,,,,,T7,Nihit Bhatnagar(RS),1233,T  1,,
,,,,,,T8,Buddhi Prakash Sharma(RS),1234,T  1,,
,,,,,,T9,Yenuganti Sujan,1220,T  1,,
,,,,,,T10,Bijoy Krishna Mukherjee,1225,T  1,,
,,Practical,,,,P1,Km Pooja Maurya(RS),2241,M  4 5,,
,,,,,,,Divyanshu(RS),,,,
,,,,,,P2,Somesh Krishna Thanvi(RS),2241,T  2 3,,
,,,,,,,Divyanshu(RS),,,,
,,,,,,P3,Nihit Bhatnagar(RS),2241,T  7 8,,
,,,,,,,Jyoti Pandey (nee Jyoti Nautiyal)(RS),,,,
,,,,,,P4,Qaiser Razi(RS),2241,Th  2 3,,
,,,,,,,Balamurugan P(RS),,,,
,,,,,,P5,Km Pooja Maurya(RS),2241,Th  7 8,,
,,,,,,,Somesh Krishna Thanvi(RS),,,,
,,,,,,P6,Nihit Bhatnagar(RS),2241,W  4 5,,
,,,,,,,Akhil Misra(RS),,,,
,,,,,,P7,Sumitra(RS),2241,W  7 8,,
,,,,,,,Qaiser Razi(RS),,,,
1889,EEE F245,CONTROL SYSTEMS LAB,-,1,1,P1,BIJOY KRISHNA MUKHERJEE,,W  1 2,,
1657,EEE F266,STUDY PROJECT,-,-,3,L1,NAVNEET GUPTA,,,,
1242,EEE F311,COMMUNICATION SYSTEMS,3,1,4,L1,SYED MOHAMMAD ZAFARUDDIN,5106,T Th S  3,09/10 AN1,07/12 FN
,,Tutorial,,,,T1,Sharda Tripathi,1205,S  1,,
,,,,,,T2,Pawan Kamalkishor Ajmera,1202,S  1,,
,,,,,,T3,Syed Mohammad Zafaruddin,1204,S  1,,
,,,,,,T4,Satyam,1226,S  1,,
,,Practical,,,,P1,Pranay Bhardwaj(RS),6118,T  7 8,,
,,,,,,,Ananya Garg(RS),,,,
,,,,,,P2,Pranay Bhardwaj(RS),6116,S  7 8,,
,,,,,,,Ananya Garg(RS),,,,
,,,,,,P3,Neha Choudhary(RS),6117,T  7 8,,
,,,,,,,Akhil Misra(RS),,,,
,,,,,,P4,Chougule Amit Umesh(RS),6016,S  7 8,,
,,,,,,,Akhil Misra(RS),,,,
,,,,,,P5,Rohit Kumar(RS),6013,S  7 8,,
,,,,,,,Radha Bhardwaj(RS),,,,
1243,EEE F313,ANALOG & DIGIT VLSI DES,3,-,3,L1,ANU GUPTA,5105,M W F  4,13/10 FN1,15/12 FN
,,Tutorial,,,,T1,Regaul,1219,Th  2,,
,,,,,,T2,Abhijit Rameshwar Asati,1220,Th  2,,
,,,,,,T3,Nitin Chaturvedi,1205,Th  2,,
,,,,,,T4,Rahul Kumar,1204,Th  2,,
,,,,,,T5,Satyendra Kumar Mourya,1226,Th  2,,
1731,EEE F366,LABORATORY PROJECT,-,-,3,L1,NAVNEET GUPTA,,,,
1742,EEE F367,LABORATORY PROJECT,-,-,3,L1,NAVNEET GUPTA,,,,
1691,EEE F376,DESIGN PROJECT,-,-,3,L1,NAVNEET GUPTA,,,,
1758,EEE F377,DESIGN PROJECT,-,-,3,L1,NAVNEET GUPTA,,,,
2288,EEE F411,INTERNET OF THINGS,3,1,4,L1,VINAY CHAMOLA,1201,T Th S  4,12/10 FN1,13/12 FN
,,Practical,,,,P1,Mritunjay Shall Peelam(RS),,T  7 8,,
,,,,,,,Anubhav Elhence(RS),,,,
,,,,,,P2,Naga Siva Sai Reddy(RS),,T  1 2,,
,,,,,,,Shashank Srivastava(RS),,,,
1254,EEE F422,MODERN CONTROL SYSTEMS,3,-,3,L1,BIJOY KRISHNA MUKHERJEE,1202,M W F  8,10/10 FN1,08/12 FN
1259,EEE F426,FIBRE OPTICS & OPTOELECT,3,-,3,L1,RAHUL SINGHAL,1204,M W F  3,14/10 FN1,20/12 FN
1256,EEE F434,DIGITAL SIGNAL PROCESS,3,1,4,L1,SANDEEP JOSHI,1223,M W F  9,11/10 AN1,12/12 FN
,,Practical,,,,P1,Akanksha Sharma(RS),6116,T  1 2,,
,,,,,,,Shashank Srivastava(RS),,,,
,,,,,,P2,Akanksha Sharma(RS),6116,Th  7 8,,
,,,,,,,Shashank Srivastava(RS),,,,
1257,EEE F435,DIGITAL IMAGE PROCESSING,3,-,3,L1,KARUNESH KR GUPTA,1223,M W F  7,09/10 FN1,06/12 FN
,,,,,,,Mritunjay Shall Peelam(RS),,,,
1249,EEE F472,SATELLITE COMMUNICATION,3,-,3,L1,SAINATH BITRAGUNTA,1225,M W F  8,10/10 FN1,08/12 FN
1716,EEE F491,SPECIAL PROJECT,-,-,3,L1,NAVNEET GUPTA,,,,
324,EEE G512,EMBEDDED SYSTEM DESIGN,3,1,4,L1,MEETHA V. SHENOY,1222,T Th S  2,14/10 AN2,21/12 AN
,,Practical,,,,P1,Sumitra(RS),2118,Th  9 10,,
,,,,,,P2,Jeevan Kittur(RS),2118,T  9 10,,
2511,EEE G513,MACHINE LEARNING FOR ELE..,-,-,4,L1,MEETHA V. SHENOY,1219,M W F  7,09/10 FN2,06/12 AN
698,EEE G581,RF & MICROWAVE ENGG,3,2,5,L1,PRAVEEN KUMAR A.V.,1222,M W F  9,11/10 AN2,12/12 AN
,,Practical,,,,P1,Regalla Premsai(RS),2237,T  7 8,,
712,EEE G591,OPTICAL COMMUNICATION,3,2,5,L1,V K CHAUBEY,1225,T Th S  3,09/10 AN2,07/12 AN
,,Practical,,,,P1,Neha Choudhary(RS),2241,Th  9 10,,
1897,EEE G595,NANOELECTRO AND NANOPHOT..,-,-,5,L1,V K CHAUBEY,1204,M W F  8,10/10 FN2,08/12 AN
707,EEE G612,CODING THEORY & PRACTICE,3,2,5,L1,SHARDA TRIPATHI,1222,T Th S  3,09/10 AN2,07/12 AN
471,EEE G613,ADV DIGITAL SIGNAL PROC,-,-,5,L1,SAINATH BITRAGUNTA,1222,M W F  2,13/10 AN2,18/12 AN
2512,EEE G614,ADV WIRELESS COMMUNICATI..,3,2,5,L1,SANDEEP JOSHI,1222,T Th S  5,10/10 AN2,09/12 AN
921,EEE G626,HARDWARE SOFTWARE CO-DSN,-,-,4,L1,VINAY CHAMOLA,1204,M W F  4,13/10 FN2,15/12 AN
,,Practical,,,,P1,Naga Siva Sai Reddy(RS),,T  9 10,,
,,,,,,,Anubhav Elhence(RS),,,,
1143,FIN F212,FUNDA OF FIN AND ACCOUNT,-,-,3,L1,KRISHNA M,6109,M W F  3,14/10 FN1,20/12 FN
,,,,,,,Aprajita Pandey,,,,
,,,,,,L1M,Krishna M,,M W F  3,,
,,,,,,,Aprajita Pandey,,,,
1658,FIN F266,STUDY PROJECT,-,-,3,L1,KRISHNA M,,,,
1542,FIN F315,FINANCIAL MANAGEMENT,3,-,3,L1,RAJAN PANDEY,6109,T Th S  4,12/10 FN1,13/12 FN
,,,,,,L1M,Rajan Pandey,,T Th S  4,12/10 FN1,13/12 FN
1692,FIN F376,DESIGN PROJECT,-,-,3,L1,KRISHNA M,,,,
1942,FIN F414,FINANCIAL RISK ANAL AND ..,3,-,3,L1,DEBATA BYOMAKESH,6152,T Th S  5,10/10 AN1,09/12 FN
,,,,,,L1M,Debata Byomakesh,6152,T Th S  5,10/10 AN1,09/12 FN
1130,GS F211,MOD POLITICAL CONCEPTS,3,-,3,L1,VEENA R,6162,M W F  4,13/10 FN1,15/12 FN
,,,,,,,Nikhil R(RS),,,,
1131,GS F212,ENVIRON DEV & CLIMATE CH,3,-,3,L1,SAILAJA NANDIGAMA,6102,T Th S  3,09/10 AN1,07/12 FN
,,,,,,,Agin K Varghese(RS),,,,
1132,GS F213,DEVELOPMENT THEORIES,3,-,3,L1,SAILAJA NANDIGAMA,6156,M W F  9,11/10 AN1,12/12 FN
,,,,,,,Sunny Saurabh(RS),,,,
1133,GS F221,BUSINESS COMMUNICATION,3,-,3,L1,SUSHILA SHEKHAWAT,6155,M W F  8,10/10 FN1,08/12 FN
,,,,,,,Sakshi Yadav(RS),,,,
1134,GS F222,LANGUAGE LAB PRACTICE,-,3,3,L1,SANJIV KUMAR CHOUDHARY,6169,T Th  7 8,,
,,,,,,,Vishal Kumar(RS),,,,
1135,GS F223,INTRO TO MASS COMM,3,-,3,L1,SUSHILA SHEKHAWAT,6156,T Th S  2,14/10 AN1,21/12 FN
,,,,,,,Vibha(RS),,,,
1136,GS F224,PRINT & AUDIO VISU ADVER,2,1,3,L1,SANGEETA SHARMA,6156,M W F  5,11/10 FN1,11/12 FN
,,,,,,,Renu Kotwal(RS),,,,
,,,,,,,Pooja Chatterjee(RS),,,,
,,,,,,L2,Gajendra Singh Chauhan,6108,M W F  5,11/10 FN1,11/12 FN
1170,GS F232,INTRODUCTORY PSYCHOLOGY,3,-,3,L1,TANU SHUKLA,6105,T Th S  3,09/10 AN1,07/12 FN
,,,,,,,Deepanjana Chakraborty(RS),,,,
1659,GS F266,STUDY PROJECT,-,-,3,L1,DEVIKA,,,,
1173,GS F311,INTRO TO CONFLICT MGMT,3,-,3,L1,MADHURIMA DAS,6164,T Th S  3,09/10 AN1,07/12 FN
,,,,,,,Supriya(RS),,,,
1174,GS F312,APPLIED PHILOSOPHY,3,-,3,L1,KUMAR NEERAJ SACHDEV,6107,M W F  4,13/10 FN1,15/12 FN
,,,,,,,Sharma Ashwini Rameshseeta(RS),,,,
1914,GS F313,MARXIAN THOUGHTS,3,-,3,L1,PAUL MATHEW,6107,T Th S  2,14/10 AN1,21/12 FN
,,,,,,,Hari A S(RS),,,,
1163,GS F321,MASS MEDIA & CONTENT DES,2,1,3,L1,VIRENDRA SINGH NIRBAN,6164,M  4,13/10 FN1,15/12 FN
,,,,,,,Suchandrima Das(RS),,,,
,,Practical,,,,P1,Virendra Singh Nirban,6013,W  4 5,,
,,,,,,,Suchandrima Das(RS),,,,
1137,GS F322,CRITI ANAL OF LIT & CINE,3,-,3,L1,KUMAR BHATTACHARYA,6152,M W F  9,11/10 AN1,12/12 FN
,,,,,,,Chandni Rauniyar(RS),,,,
1175,GS F331,TECH IN SOCIAL RESEARCH,3,-,3,L1,TANU SHUKLA,6161,M W F  5,11/10 FN1,11/12 FN
1733,GS F366,LABORATORY PROJECT,-,-,3,L1,DEVIKA,,,,
1693,GS F376,DESIGN PROJECT,-,-,3,L1,DEVIKA,,,,
1760,GS F377,DESIGN PROJECT,-,-,3,L1,DEVIKA,,,,
1718,GS F491,SPECIAL PROJECT,-,-,3,L1,DEVIKA,,,,
1602,HSS F221,READINGS  FROM DRAMA,3,-,3,L1,PRATEEK,6107,M W F  8,10/10 FN1,08/12 FN
,,,,,,,Swati(RS),,,,
1603,HSS F222,LINGUISTICS,3,-,3,L1,SANJIV KUMAR CHOUDHARY,6102,T Th S  2,14/10 AN1,21/12 FN
,,,,,,,Avi Sharma(RS),,,,
1596,HSS F223,APPR OF INDIAN MUSIC,3,-,3,L1,ANIL RAI,6102,M W F  8,10/10 FN1,08/12 FN
2447,HSS F224,ENGLISH SKILLS FOR ACADE..,3,-,3,L1,CHINTALAPALLI VIJAYAKUMAR,6107,T Th S  3,09/10 AN1,07/12 FN
,,,,,,,Navya Bahl(RS),,,,
1152,HSS F227,CROSS CULTURAL SKILLS,3,-,3,L1,PUSHP LATA,6164,M W F  8,10/10 FN1,08/12 FN
,,,,,,,Sugandha Bhatnagar(RS),,,,
1627,HSS F235,INTRODUCTORY PHILOSOPHY,3,-,3,L1,ANUPAM YADAV,6109,T Th S  2,14/10 AN1,21/12 FN
,,,,,,,Virosh Singh Baghel(RS),,,,
1628,HSS F236,SYMBOLIC LOGIC,3,-,3,L1,ANUPAM YADAV,6164,M W F  7,09/10 FN1,06/12 FN
,,,,,,,Baiju P. A.(RS),,,,
1776,HSS F266,STUDY PROJECT,-,-,3,L1,DEVIKA,,,,
1777,HSS F323,ORGANIZATIONAL PSYCHOLOGY,3,-,3,L1,RAJNEESH CHOUBISA,6163,M W F  8,10/10 FN1,08/12 FN
,,,,,,,Akash Dubey(RS),,,,
1155,HSS F325,CINEMATIC ADAPTATION,3,-,3,L1,DEVIKA,6155,M W F  7,09/10 FN1,06/12 FN
,,,,,,,Abhijith V(RS),,,,
1609,HSS F328,HUMAN RESOURCE DEVELOP,3,-,3,L1,RAJNEESH CHOUBISA,6160,T Th S  3,09/10 AN1,07/12 FN
,,,,,,,Jerin V Philipose(RS),,,,
1597,HSS F329,MUSICOLOGY-AN INTRODUCTN,3,-,3,L1,ANIL RAI,6104,T Th S  3,09/10 AN1,07/12 FN
1599,HSS F334,SRIMAD BHAGAVAD GITA,3,-,3,L1,VINAY CHAMOLA,5106,M W F  9,11/10 AN1,12/12 FN
1623,HSS F343,PROFESSIONAL ETHICS,3,-,3,L1,KUMAR NEERAJ SACHDEV,6102,M W F  9,11/10 AN1,12/12 FN
,,,,,,,Sharma Ashwini Rameshseeta(RS),,,,
1626,HSS F346,INTERNATIONAL RELATIONS,3,-,3,L1,VEENA R,6108,T Th S  3,09/10 AN1,07/12 FN
,,,,,,,Amit Kumar(RS),,,,
1515,HUM F412,HERITAGE OF INDIA,-,-,3,L1,HARIKRISHNAN GOPINADHAN ..,6153,T Th S  2,14/10 AN1,21/12 FN
,,,,,,,Merylin Das(RS),,,,
1096,INSTR F211,ELECTRICAL MACHINES,3,1,4,L1,HITESH DATT MATHUR,5102,M W F  3,14/10 FN1,20/12 FN
,,,,,,,Ashish Patel,,,,
,,Tutorial,,,,T1,Aditya Raw Gautam,1223,Th  1,,
,,,,,,T2,Dheerendra Singh,1227,Th  1,,
,,,,,,T3,Hitesh Datt Mathur,1233,Th  1,,
,,,,,,T4,Hari Om Bansal,1234,Th  1,,
,,,,,,T5,Rajneesh Kumar,6161,Th  1,,
,,,,,,T6,Ashish Patel,6162,Th  1,,
,,Practical,,,,P1,Surabhi Singh(RS),2119,T  7 8,,
,,,,,,,Shivangi Kaushik(RS),,,,
,,,,,,P2,Shubham Tiwary(RS),2119,Th  7 8,,
,,,,,,,Surabhi Singh(RS),,,,
,,,,,,P3,Krishna Kumar Saini(RS),2119,M  7 8,,
,,,,,,,Preeti Sharma(RS),,,,
,,,,,,P4,Sisir Kumar Yadav(RS),2119,T  2 3,,
,,,,,,,Preeti Sharma(RS),,,,
,,,,,,P5,Preeti Sharma(RS),2119,M  4 5,,
,,,,,,,Shivangi Kaushik(RS),,,,
,,,,,,P6,Shubham Tiwary(RS),2119,S  7,,
,,,,,,,Preeti Sharma(RS),,,,
,,,,,,P7,Krishna Kumar Saini(RS),2119,Th  2 3,,
,,,,,,,Sisir Kumar Yadav(RS),,,,
1097,INSTR F212,ELECTROMAGNETIC THEO,3,-,3,L1,PRAVEEN KUMAR A.V.,5102,T Th S  5,10/10 AN1,09/12 FN
,,Tutorial,,,,T1,Ashish Patel,1223,W  1,,
,,,,,,T2,Rahul Singhal,1233,W  1,,
,,,,,,T3,Pankaj Arora,1234,W  1,,
,,,,,,T4,Rahul Runthala,1227,W  1,,
,,,,,,T5,Sharda Tripathi,6107,W  1,,
1099,INSTR F214,ELECTRONIC DEVICES,3,-,3,L1,NAVNEET GUPTA,5105,T Th S  4,12/10 FN1,13/12 FN
,,,,,,,Rahul Kumar,,,,
,,Tutorial,,,,T1,Arnab Hazra,1223,M  1,,
,,,,,,T2,Yenuganti Sujan,1227,M  1,,
,,,,,,T3,Aishwarya Tomar(RS),1233,M  1,,
,,,,,,T4,Satyendra Kumar Mourya,1234,M  1,,
,,,,,,T5,Rahul Kumar,2203,M  1,,
,,,,,,T6,Abhijit Rameshwar Asati,2207,M  1,,
1098,INSTR F215,DIGITAL DESIGN,3,1,4,L1,PAWAN KAMALKISHOR AJMERA,5101,M W F  2,13/10 AN1,18/12 FN
,,,,,,L2,Sudeept Mohan,5106,M W F  2,13/10 AN1,18/12 FN
,,Tutorial,,,,T1,Sai Sesha Chalapathi Gattupalli,1204,T  1,,
,,,,,,T2,Qaiser Razi(RS),1226,T  1,,
,,,,,,T3,Jyoti Pandey (nee Jyoti Nautiyal)(RS),1205,T  1,,
,,,,,,T4,Pawan Kamalkishor Ajmera,1223,T  1,,
,,,,,,T5,Arnab Hazra,1201,T  1,,
,,,,,,T6,Anubhav Elhence(RS),1227,T  1,,
,,,,,,T7,Nihit Bhatnagar(RS),1233,T  1,,
,,,,,,T8,Buddhi Prakash Sharma(RS),1234,T  1,,
,,,,,,T9,Yenuganti Sujan,1220,T  1,,
,,,,,,T10,Bijoy Krishna Mukherjee,1225,T  1,,
,,Practical,,,,P1,Km Pooja Maurya(RS),2241,M  4 5,,
,,,,,,,Divyanshu(RS),,,,
,,,,,,P2,Somesh Krishna Thanvi(RS),2241,T  2 3,,
,,,,,,,Divyanshu(RS),,,,
,,,,,,P3,Nihit Bhatnagar(RS),2241,T  7 8,,
,,,,,,,Jyoti Pandey (nee Jyoti Nautiyal)(RS),,,,
,,,,,,P4,Qaiser Razi(RS),2241,Th  2 3,,
,,,,,,,Balamurugan P(RS),,,,
,,,,,,P5,Km Pooja Maurya(RS),2241,Th  7 8,,
,,,,,,,Somesh Krishna Thanvi(RS),,,,
,,,,,,P6,Nihit Bhatnagar(RS),2241,W  4 5,,
,,,,,,,Akhil Misra(RS),,,,
,,,,,,P7,Jeevan Kittur(RS),2241,W  7 8,,
,,,,,,,Sumitra(RS),,,,
1660,INSTR F266,STUDY PROJECT,-,-,3,L1,NAVNEET GUPTA,,,,
1345,INSTR F311,ELECTRO INST & INST TECH,3,1,4,L1,YENUGANTI SUJAN,1227,M W F  5,11/10 FN1,11/12 FN
,,Practical,,,,P1,Aishwarya Tomar(RS),2139,T  7 8 9,,
,,,,,,,Suraj Baloda(RS),,,,
,,,,,,P2,Anukaran Khanna(RS),2139,Th  7 8 9,,
,,,,,,,Radha Bhardwaj(RS),,,,
,,,,,,P3,Rohit Kumar(RS),2139,W  1 2 3,,
,,,,,,,Suraj Baloda(RS),,,,
1346,INSTR F312,TRANSD & MEASUREMENT TEC,3,-,3,L1,PUNEET MISHRA,1231,T Th S  3,09/10 AN1,07/12 FN
,,,,,,,Hitesh Datt Mathur,,,,
,,Tutorial,,,,T1,Puneet Mishra,2206,F  1,,
,,,,,,T2,Anukaran Khanna(RS),2207,F  1,,
1347,INSTR F313,ANALOG & DIGIT VLSI DES,3,-,3,L1,ANU GUPTA,5105,M W F  4,13/10 FN1,15/12 FN
,,Tutorial,,,,T1,Regaul,1219,Th  2,,
,,,,,,T2,Abhijit Rameshwar Asati,1220,Th  2,,
,,,,,,T3,Nitin Chaturvedi,1205,Th  2,,
,,,,,,T4,Rahul Kumar,1204,Th  2,,
,,,,,,T5,Satyendra Kumar Mourya,1226,Th  2,,
1734,INSTR F366,LABORATORY PROJECT,-,-,3,L1,NAVNEET GUPTA,,,,
1694,INSTR F376,DESIGN PROJECT,-,-,3,L1,NAVNEET GUPTA,,,,
1761,INSTR F377,DESIGN PROJECT,-,-,3,L1,NAVNEET GUPTA,,,,
275,ITEB G621,SUPPLY CHAIN MANAGEMENT,-,-,4,L1,SRIKANTA ROUTROY,1204,M W F  9,11/10 AN1,12/12 FN
1010,MATH F111,MATHEMATICS I,3,-,3,L1,ANIRUDH SINGH RANA,5102,M W F  4,13/10 AN2,18/12 AN
,,,,,,,Pradipkumar Haribhau Keskar,,,,
,,,,,,L2,Sangita Yadav,5102,T Th S  3,13/10 AN2,18/12 AN
,,,,,,,Balram Dubey,,,,
,,,,,,L3,Gaurav Dwivedi,5105,T Th S  5,13/10 AN2,18/12 AN
,,,,,,,Trilok Mathur,,,,
,,Tutorial,,,,T1,Rahul Kumar,6158,F  1,,
,,,,,,T2,Devendra Kumar,6159,F  1,,
,,,,,,T3,Shailesh Trivedi,6160,F  1,,
,,,,,,T4,Pramod Eyyunni,6161,F  1,,
,,,,,,T5,Divyum Sharma,6162,F  1,,
,,,,,,T6,Pradipkumar Haribhau Keskar,6153,Th  1,,
,,,,,,T7,Pramod Eyyunni,6154,Th  1,,
,,,,,,T8,Shailesh Trivedi,6157,Th  1,,
,,,,,,T9,Divyum Sharma,6158,Th  1,,
,,,,,,T10,Gaurav Dwivedi,6159,Th  1,,
,,,,,,T11,Rahul Kumar,6153,Th  9,,
,,,,,,T12,Sangita Yadav,6154,Th  9,,
,,,,,,T13,Shailesh Trivedi,6157,Th  9,,
,,,,,,T14,Devendra Kumar,6158,Th  9,,
,,,,,,T15,Divyum Sharma,6159,Th  9,,
,,,,,,T16,Jitender Kumar,6160,Th  9,,
,,,,,,T17,Anirudh Singh Rana,6153,W  1,,
,,,,,,T18,Jitender Kumar,6157,W  1,,
,,,,,,T19,Rahul Kumar,6158,W  1,,
,,,,,,T20,Shailesh Trivedi,6159,W  1,,
,,,,,,T21,Trilok Mathur,6160,W  1,,
,,,,,,T22,Balram Dubey,6161,W  1,,
,,,,,,T23,Pramod Eyyunni,6162,W  1,,
1022,MATH F211,MATHEMATICS III,3,-,3,L1,Niladri Sarkar,6155,M W F  4,12/10 AN2,14/12 AN
,,,,,,L2,Rajesh Kumar,6156,M W F  4,12/10 AN2,14/12 AN
,,,,,,L3,Balram Dubey,6152,M W F  5,12/10 AN2,14/12 AN
,,,,,,L4,Shivi Agarwal,6155,M W F  5,12/10 AN2,14/12 AN
,,,,,,L5,Ashish Tiwari,6151,M W F  7,12/10 AN2,14/12 AN
,,,,,,L6,Sumanta Pasari,6152,M W F  7,12/10 AN2,14/12 AN
,,,,,,L7,Biswanath Layek,6151,M W F  8,12/10 AN2,14/12 AN
,,,,,,L8,Pramod Eyyunni,6152,M W F  8,12/10 AN2,14/12 AN
,,,,,,L9,Rahul Kumar,6152,T Th S  2,12/10 AN2,14/12 AN
,,,,,,L10,Rakhee,6155,T Th S  2,12/10 AN2,14/12 AN
,,,,,,L11,Devendra Kumar,6152,T Th S  3,12/10 AN2,14/12 AN
,,,,,,L12,JITENDER KUMAR,6155,T Th S  3,12/10 AN2,14/12 AN
,,Tutorial,,,,T1,Niladri Sarkar,6105,T  9,,
,,,,,,T2,Rajesh Kumar,6163,S  1,,
,,,,,,T3,Balram Dubey,6164,T  9,,
,,,,,,T4,Shivi Agarwal,6104,T  9,,
,,,,,,T5,Ashish Tiwari,6163,T  9,,
,,,,,,T6,Sumanta Pasari,6164,S  1,,
,,,,,,T7,Biswanath Layek,6151,S  1,,
,,,,,,T8,Pramod Eyyunni,6161,S  1,,
,,,,,,T9,Rahul Kumar,6151,T  9,,
,,,,,,T10,Rakhee,6108,T  9,,
,,,,,,T11,Devendra Kumar,6152,S  1,,
,,,,,,T12,Jitender Kumar,6155,S  1,,
1122,MATH F212,OPTIMIZATION,3,-,3,L1,Gaurav Dwivedi,6151,M W F  2,11/10 FN2,11/12 AN
,,,,,,L2,RAKHEE,6102,M W F  5,11/10 FN2,11/12 AN
,,,,,,L2M,Rakhee,6102,M W F  5,11/10 FN2,11/12 AN
,,Tutorial,,,,T1,Gaurav Dwivedi,6109,T  9,,
,,,,,,T2,Rakhee,6109,M  1,,
1123,MATH F213,DISCRETE MATHEMATICS,3,-,3,L1,PRADIPKUMAR HARIBHAU KES..,6163,M W F  9,10/10 AN2,09/12 AN
,,,,,,L2,Krishnendra Shekhawat,6158,T Th S  5,10/10 AN2,09/12 AN
,,Tutorial,,,,T1,Krishnendra Shekhawat,6155,Th  9,,
,,,,,,T2,Pradipkumar Haribhau Keskar,6105,Th  9,,
1124,MATH F214,ELEMENTARY REAL ANALYSIS,3,-,3,L1,SANGITA YADAV,6151,M W F  3,14/10 FN1,20/12 FN
,,Tutorial,,,,T1,Sangita Yadav,6151,Th  1,,
1125,MATH F215,ALGEBRA I,3,-,3,L1,DIVYUM SHARMA,6152,T Th S  4,12/10 FN1,13/12 FN
,,Tutorial,,,,T1,Divyum Sharma,6152,W  1,,
1662,MATH F266,STUDY PROJECT,-,-,3,L1,DEVENDRA KUMAR,,,,
1469,MATH F311,INTRODUCTION TO TOPOLOGY,3,-,3,L1,SHAILESH TRIVEDI,6102,M W F  4,13/10 FN1,15/12 FN
,,Tutorial,,,,T1,Shailesh Trivedi,6164,Th  2,,
1470,MATH F312,ORDINARY DIFF EQUATIONS,3,-,3,L1,ASHISH TIWARI,6156,T Th S  3,09/10 AN1,07/12 FN
,,Tutorial,,,,T1,Ashish Tiwari,6152,F  1,,
1471,MATH F313,NUMERICAL ANALYSIS,3,-,3,L1,BHUPENDRA KUMAR SHARMA,6164,M W F  5,11/10 FN1,11/12 FN
,,Tutorial,,,,T1,Bhupendra Kumar Sharma,6164,T  2,,
1679,MATH F366,LABORATORY PROJECT,-,-,3,L1,DEVENDRA KUMAR,,,,
1696,MATH F376,DESIGN PROJECT,-,-,3,L1,DEVENDRA KUMAR,,,,
1763,MATH F377,DESIGN PROJECT,-,-,3,L1,DEVENDRA KUMAR,,,,
1480,MATH F421,COMBINATORIAL MATHS,3,-,3,L1,KRISHNENDRA SHEKHAWAT,1233,M W F  3,14/10 FN1,20/12 FN
2273,MATH F432,APPLIED STATISTICAL METH..,3,-,3,L1,SUMANTA PASARI,6163,T Th S  4,12/10 FN1,13/12 FN
,,,,,,L1M,Sumanta Pasari,6163,T Th S  4,12/10 FN1,13/12 FN
1330,MATH F441,DISCRETE MATHS STRUC,3,-,3,L1,TRILOK MATHUR,6155,M W F  9,11/10 AN1,12/12 FN
1881,MATH F444,NUMERICAL SOL OF ODE,3,-,3,L1,RAJESH KUMAR,6160,T Th S  5,10/10 AN1,09/12 FN
,,Practical,,,,P1,Rajesh Kumar,,T  9,,
1721,MATH F491,SPECIAL PROJECT,-,-,3,L1,DEVENDRA KUMAR,,,,
2379,ME F112,WORKSHOP PRACTICE,1,1,2,L1,TRIBENI ROY,5102,M  9,14/10 FN2,20/12 AN
,,,,,,L2,Radha Raman Mishra,5102,W  9,14/10 FN2,20/12 AN
,,Practical,,,,P1,Manikantan R. Nair(RS),7101,F  7 8 9,,
,,,,,,P2,Deepali Agrawal(RS),7101,M  7 8 9,,
,,,,,,P3,Abhishek Barwar(RS),7101,S  7 8 9,,
,,,,,,P4,Pratibha Sinha(RS),7101,T  7 8 9,,
,,,,,,P5,Soumili Sahoo(RS),7101,Th  1 2 3,,
,,,,,,P6,Ramesh Kumar(RS),7101,Th  7 8 9,,
,,,,,,P7,Naveen P. T.(RS),7101,W  7 8 9,,
1083,ME F211,MECHANICS OF SOLIDS,3,-,3,L1,SHARAD SHRIVASTAVA,5106,T Th S  4,12/10 FN1,13/12 FN
,,Tutorial,,,,T1,Jitendra Singh Rathore,1219,M  1,,
,,,,,,T2,Anuj Sharma,1220,M  1,,
,,,,,,T3,Sharad Shrivastava,1222,M  1,,
,,,,,,T4,Pronamika Borthakur(RS),1225,M  1,,
,,,,,,T5,Amit Kumar,6105,M  1,,
1082,ME F212,FLUID MECHANICS,3,-,3,L1,SHYAM SUNDER YADAV,1227,T Th S  5,13/10 AN1,18/12 FN
,,Tutorial,,,,T1,Saket Verma,1225,Th  1,,
,,,,,,T2,Deepak Talan(RS),1205,Th  1,,
,,,,,,T3,Vishwjeet Choudhary(RS),1226,Th  1,,
,,,,,,T4,Shyam Sunder Yadav,1201,Th  1,,
,,,,,,T5,Chandra Shekhar Sharma(RS),6105,Th  1,,
2394,ME F216,MATERIALS SCIENCE AND ENGG,2,1,3,L1,VENKATESH KADBUR PRABHAK..,1227,W F  3,14/10 FN1,20/12 FN
,,Tutorial,,,,T1,Pradeep Shukla(RS),6104,T  1,,
,,,,,,T2,Mohammed Jamsheed(RS),6107,T  1,,
,,,,,,T3,Chabbi Pradnya Anand(RS),6108,T  1,,
,,,,,,T4,Vandana Vidyadhari(RS),6102,T  1,,
,,,,,,T5,Venkatesh Kadbur Prabhakar Rao,6105,T  1,,
,,Practical,,,,P1,Chabbi Pradnya Anand(RS),2104,S  1 2,,
,,,,,,P2,Mohammed Jamsheed(RS),2104,S  7 8,,
,,,,,,P3,Vandana Vidyadhari(RS),2104,T  7 8,,
,,,,,,P4,Pradeep Shukla(RS),2104,Th  2 3,,
2396,ME F217,APPLIED THERMODYNAMICS,3,1,4,L1,SUVANJAN BHATTACHARYYA,1227,M W F  2,10/10 AN1,09/12 FN
,,Tutorial,,,,T1,Ayan Sengupta(RS),1219,W  1,,
,,,,,,T2,Krishna Ram K K,1220,W  1,,
,,,,,,T3,Neeraj Sharma,1222,W  1,,
,,,,,,T4,Leo Daniel A(RS),1225,W  1,,
,,Practical,,,,P1,Vimal Chauhan(RS),2123,T  7 8,,
,,,,,,P2,Deepak Talan(RS),2123,Th  7 8,,
,,,,,,P3,Ayan Sengupta(RS),2123,S  7 8,,
,,,,,,P4,Krishna Ram K K,2123,T  2 3,,
1663,ME F266,STUDY PROJECT,-,-,3,L1,SRIKANTA ROUTROY,,,,
2401,ME F314,DESIGN OF MACHINE ELEMENTS,3,-,3,L1,MANI SANKAR DASGUPTA,5101,T Th S  3,09/10 AN1,07/12 FN
,,Tutorial,,,,T1,Jitendra Singh Rathore,1223,F  1,,
,,,,,,T2,Pronamika Borthakur(RS),1201,F  1,,
,,,,,,T3,Riya Sharma(RS),1227,F  1,,
,,,,,,T4,Amit Rajnarayan Singh,1233,F  1,,
,,,,,,T5,Anuj Sharma,1234,F  1,,
2403,ME F315,ADV MANUFACTURING PROCES..,2,1,3,L1,RADHA RAMAN MISHRA,1201,Th S  2,14/10 AN1,21/12 FN
,,,,,,,Anuj Sharma,,,,
,,Tutorial,,,,T1,T Lachana Dora(RS),1201,S  1,,
,,Practical,,,,P1,T Lachana Dora(RS),7101,T  4 5,,
,,,,,,P2,Suveg V Iyer(RS),7101,M  1 2,,
,,,,,,P3,Vimal Chauhan(RS),7101,T  1 2,,
,,,,,,P4,Deepika Choudhary(RS),7101,W  1 2,,
2404,ME F316,MANUFACTURING MANAGEMENT,2,-,2,L1,GEETA BHATT,1201,M W  4,13/10 FN1,15/12 FN
,,Tutorial,,,,T1,Sowrabh Kugunavar(RS),1219,F  4,,
,,,,,,T2,Deepika Choudhary(RS),1220,F  4,,
,,,,,,T3,Riya Sharma(RS),1222,F  4,,
,,,,,,T4,Geeta Bhatt,1225,F  4,,
2405,ME F317,ENGINES MOTORS  AND MOBI..,2,-,2,L1,SAKET VERMA,1201,M W  5,11/10 FN1,11/12 FN
,,Tutorial,,,,T1,Saket Verma,1220,F  5,,
,,,,,,T2,Kundrapu Ayyappa Swamy(RS),1222,F  5,,
,,,,,,T3,Prosenjit Singha(RS),1225,F  5,,
,,,,,,T4,Rahul(RS),1232,F  5,,
2286,ME F340,INTRO TO SPORT ENGINEER,3,-,3,L1,MANI SANKAR DASGUPTA,(F)  1232(M W),M W  8  F  10,10/10 FN1,08/12 FN
1680,ME F366,LABORATORY PROJECT,-,-,3,L1,SRIKANTA ROUTROY,,,,
1748,ME F367,LABORATORY PROJECT,-,-,3,L1,SRIKANTA ROUTROY,,,,
1697,ME F376,DESIGN PROJECT,-,-,3,L1,SRIKANTA ROUTROY,,,,
1764,ME F377,DESIGN PROJECT,-,-,3,L1,SRIKANTA ROUTROY,,,,
2291,ME F414,FUEL CELL SCIENCE AND TE..,3,-,3,L1,TRIBENI ROY,1203,T Th S  4,12/10 FN1,13/12 FN
1277,ME F415,GAS DYNAMICS,3,-,3,L1,ANEESH A M,1231,M W F  7,09/10 FN1,06/12 FN
1281,ME F420,POWER PLANT ENGINEERING,3,-,3,L1,P SRINIVASAN,1232,M W F  2,13/10 AN1,18/12 FN
1284,ME F443,QUALI CONTRO ASSUR & REL,3,-,3,L1,BIJAY KUMAR ROUT,1219,T Th S  4,12/10 FN1,13/12 FN
,,,,,,,M D Jawed Iqbal(RS),,,,
1287,ME F461,REFRIGERATION & AIRCOND,3,-,3,L1,C RANGANAYAKULU,1232,M W F  3,14/10 FN1,20/12 FN
1290,ME F491,SPECIAL PROJECTS,-,-,3,L1,SRIKANTA ROUTROY,,,,
741,ME G511,MECHANISMS & ROBOTICS,2,3,5,L1,BIJAY KUMAR ROUT,1205,M W F  4,13/10 FN2,15/12 AN
,,,,,,,M D Jawed Iqbal(RS),,,,
322,ME G512,FINITE ELEMENT METHOD,-,-,5,L1,GAURAV WATTS,6108,T Th S  5,10/10 AN2,09/12 AN
262,ME G532,MACHINE TOOL ENGINEERING,2,3,5,L1,GIRISH KANT GARG,1220,M W F  3,14/10 FN2,20/12 AN
2079,ME G535,ADV ENGG MATHEMATICS,3,2,5,L1,MURALI PALLA,1201,M W F  8,10/10 FN2,08/12 AN
2087,ME G539,COMP INTEGRATED MANUFACT,3,2,5,L1,TUFAN CHANDRA BERA,1202,T Th S  2,14/10 AN2,21/12 AN
740,ME G641,THEORY OF ELAST & PLAST,2,3,5,L1,JITENDRA SINGH RATHORE,1204,M W F  5,11/10 FN2,11/12 AN
742,MEL G611,I C FABRICATION TECH,3,2,5,L1,SATYENDRA KUMAR MOURYA,6162,M W F  5,11/10 FN2,11/12 AN
743,MEL G621,VLSI DESIGN,3,2,5,L1,NITIN CHATURVEDI,1219,M W F  3,14/10 FN2,20/12 AN
,,Practical,,,,P1,Kanika(RS),2239,T  7 8,,
,,,,,,,Divya Vyas(RS),,,,
,,,,,,P2,Kanika(RS),2239,Th  7 8,,
,,,,,,,Divya Vyas(RS),,,,
500,MEL G623,ADVANCED VLSI DESIGN,-,-,5,L1,ANU GUPTA,1204,T Th S  3,09/10 AN2,07/12 AN
2064,MEL G624,ADV VLSI ARCHITECTURES,-,-,5,L1,NITIN CHATURVEDI,5103,T Th S  5,10/10 AN2,09/12 AN
606,MEL G626,VLSI TEST & TESTABILITY,-,-,5,L1,ABHIJIT RAMESHWAR ASATI,1202,M W F  9,11/10 AN2,12/12 AN
744,MEL G631,PHY & MO OF MICROEL DEV,3,2,5,L1,ARNAB HAZRA,1219,M W F  8,10/10 FN2,08/12 AN
,,Practical,,,,P1,Neha Duklan,,S  7 8,,
,,,,,,,Khichar Anita Omprakash(RS),,,,
,,,,,,P2,Neha Duklan,,T  7 8,,
,,,,,,,Khichar Anita Omprakash(RS),,,,
1107,MF F211,MECHANICS OF SOLIDS,3,-,3,L1,SHARAD SHRIVASTAVA,5106,T Th S  4,12/10 FN1,13/12 FN
,,Tutorial,,,,T1,Jitendra Singh Rathore,1219,M  1,,
,,,,,,T2,Anuj Sharma,1220,M  1,,
,,,,,,T3,Sharad Shrivastava,1222,M  1,,
,,,,,,T4,Pronamika Borthakur(RS),1225,M  1,,
,,,,,,T5,Amit Kumar,6105,M  1,,
2395,MF F216,MATERIALS SCIENCE AND EN..,2,1,3,L1,VENKATESH KADBUR PRABHAK..,1227,W F  3,14/10 FN1,20/12 FN
,,Tutorial,,,,T1,Pradeep Shukla(RS),6104,T  1,,
,,,,,,T2,Mohammed Jamsheed(RS),6107,T  1,,
,,,,,,T3,Chabbi Pradnya Anand(RS),6108,T  1,,
,,,,,,T4,Vandana Vidyadhari(RS),6102,T  1,,
,,,,,,T5,Venkatesh Kadbur Prabhakar Rao,6105,T  1,,
,,Practical,,,,P1,Chabbi Pradnya Anand(RS),2104,S  1 2,,
,,,,,,P2,Mohammed Jamsheed(RS),2104,S  7 8,,
,,,,,,P3,Vandana Vidyadhari(RS),2104,T  7 8,,
,,,,,,P4,Pradeep Shukla(RS),2104,Th  2 3,,
2410,MF F217,MACHINE DRAWING,-,2,2,P1,AMIT RAJNARAYAN SINGH,6013,"M  2 3  Th  7
8",,
,,,,,,P2,To Be Announced By Mechanical Dept,6016,M  2  Th  7 8,,
2411,MF F218,TRANSPORT PHENOMENA IN M..,3,1,4,L1,ANEESH A M,1204,T Th S  5,10/10 AN1,09/12 FN
,,Tutorial,,,,T1,Aneesh A M,1203,Th  1,,
,,Practical,,,,P1,Leo Daniel A(RS),2123,F  4 5,,
,,,,,,P2,Vinay Sati(RS),2123,W  1 2,,
1664,MF F266,STUDY PROJECT,-,-,3,L1,SRIKANTA ROUTROY,,,,
2431,MF F314,DESIGN OF MACHINE ELEMENTS,3,-,3,L1,MANI SANKAR DASGUPTA,5101,T Th S  3,09/10 AN1,07/12 FN
,,Tutorial,,,,T1,Jitendra Singh Rathore,1223,F  1,,
,,,,,,T2,Pronamika Borthakur(RS),1201,F  1,,
,,,,,,T3,Riya Sharma(RS),1227,F  1,,
,,,,,,T4,Amit Rajnarayan Singh,1233,F  1,,
,,,,,,T5,Anuj Sharma,1234,F  1,,
2415,MF F315,AUTOMATION AND CONTROL,3,1,4,L1,PRATEEK KALA,1203,M W F  5,11/10 FN1,11/12 FN
,,Tutorial,,,,T1,Prateek Kala,1223,S  1,,
,,Practical,,,,P1,Ayush Owhal(RS),2143,T  9 10,,
,,,,,,P2,Prateek Kala,2143,Th  9 10,,
2416,MF F316,MACHINING AND MACHINE TO..,3,1,4,L1,AMIT KUMAR,6103,T Th S  2,14/10 AN1,21/12 FN
,,Practical,,,,P1,Suveg V Iyer(RS),7101,F  3 4,,
,,,,,,P2,Sowrabh Kugunavar(RS),7101,S  4 5,,
2419,MF F319,SUPPLY CHAIN MANAGEMENT,3,-,3,L1,SRIKANTA ROUTROY,1204,M W F  9,11/10 AN1,12/12 FN
,,Tutorial,,,,T1,To Be Announced By Mechanical Dept,,,,
,,,,,,T2,Khalid Hussain Ansari(RS),,,,
1681,MF F366,LABORATORY PROJECT,-,-,3,L1,SRIKANTA ROUTROY,,,,
1698,MF F376,DESIGN PROJECT,-,-,3,L1,SRIKANTA ROUTROY,,,,
1765,MF F377,DESIGN PROJECT,-,-,3,L1,SRIKANTA ROUTROY,,,,
1418,MF F421,SUPPLY CHAIN MANAGEMENT,-,-,4,L1,SRIKANTA ROUTROY,1204,M W F  9,11/10 AN1,12/12 FN
,,Tutorial,,,,T1,To Be Announced By Mechanical Dept,,,,
,,,,,,T2,Khalid Hussain Ansari(RS),,,,
2528,MF F422,SUPPLY CHAIN MODEL & EMP..,3,1,4,L1,SRIKANTA ROUTROY,1232,T Th S  5,10/10 AN1,09/12 FN
,,Practical,,,,P1,Nikita Dhankar(RS),,,,
,,,,,,P2,Sudhanshu Ranjan Singh(RS),,,,
1884,MF F485,SUSTAINABLE MANUFACTURING,3,-,3,L1,KULDIP SINGH SANGWAN,1203,M W F  3,14/10 FN1,20/12 FN
1422,MF F491,SPECIAL PROJECTS,-,-,3,L1,SRIKANTA ROUTROY,,,,
2453,MPBA G501,MANAGERIAL ECONOMICS,3,-,3,L1,LEELA RANI,6105,T Th S  4,12/10 FN2,13/12 AN
2454,MPBA G502,FINANCIAL STAT ANALY & R..,3,-,3,L1,SAURABH CHADHA,6105,T Th S  5,10/10 AN2,09/12 AN
2455,MPBA G503,MARKETING MANAGEMENT,3,-,3,L1,ANIL KUMAR BHAT,6105,M W F  8,10/10 FN2,08/12 AN
2456,MPBA G504,MANAGING PEOPLE & ORGANI..,3,-,3,L1,JAYASHREE MAHESH,6105,M W F  5,11/10 FN2,11/12 AN
,,,,,,,Moammad Faraz Naim,,,,
2457,MPBA G505,STATISTICS & BASIC ECONO..,3,-,3,L1,ACHINT NIGAM,6105,M  2 3,13/10 AN2,18/12 AN
,,,,,,,Shaili Singh,,,,
,,Practical,,,,P1,Achint Nigam,6105,W  2 3,,
,,,,,,,Shaili Singh,,,,
2458,MPBA G506,DATA MANAGEMENT & WAREHO..,3,-,3,L1,TO BE ANNOUNCED BY MANAG..,6105,M W  9,11/10 AN2,12/12 AN
,,Practical,,,,P1,"To Be Announced By Management
Dept",6117,T  2 3,,
,,,,,,P2,"To Be Announced By Management
Dept",6117,Th  2 3,,
2459,MPBA G507,PROGRAMMING FOR ANALYTICS,3,-,3,L1,DEEPAK SHARMA,6105,M W  4,13/10 FN2,15/12 AN
,,Practical,,,,P1,Deepak Sharma,6116,T  9 10,,
,,,,,,P2,Deepak Sharma,6116,Th  9 10,,
2466,MPBA G514,DEEP LEARNING FOR BUSINESS,3,-,3,L1,TO BE ANNOUNCED BY MANAG..,6153,T  9  T Th  8,12/10 AN2,14/12 AN
2467,MPBA G515,PRESCRIPT ANALY WITH MAT..,3,-,3,L1,UDAYAN CHANDA,6154,M W F  4,10/10 FN2,08/12 AN
2469,MPBA G517,BIG DATA ANALYTICS,3,-,3,L1,PRAVEEN GOYAL,6069,M W F  7,13/10 FN2,15/12 AN
2470,MPBA G518,BAYESIAN ANALYSIS,3,-,3,L1,UDAYAN CHANDA,6161,T Th S  5,10/10 AN2,09/12 AN
2472,MPBA G520,ANALYTICS FOR SUPPLY CHAIN,3,-,3,L1,SATYENDRA KR SHARMA,6158,T Th S  4,12/10 FN2,13/12 AN
2475,MPBA G523,IT PROJECT MANAGEMENT,3,-,3,L1,SATYENDRA KR SHARMA,6158,M W F  2,13/10 AN2,18/12 AN
2476,MPBA G524,MARKETING ANALYTICS,3,-,3,L1,ACHINT NIGAM,6157,T Th S  2,14/10 AN2,21/12 AN
2477,MPBA G525,DIGITAL ANALYTICS,3,-,3,L1,NIRANKUSH DUTTA,6154,M W F  5,14/10 FN2,20/12 AN
2478,MPBA G526,PRICING ANALYTICS,3,-,3,L1,PRAVEEN GOYAL,6154,M W F  3,11/10 FN2,11/12 AN
2481,MPBA G529,MARKETING RESEARCH & MET..,3,-,3,L1,ANIL KUMAR BHAT,6154,T Th S  3,09/10 AN2,07/12 AN
2483,MPBA G531,FINANCIAL DERIVATIVES & ..,3,-,3,L1,UDAYAN CHANDA,6154,M W F  8,09/10 FN2,06/12 AN
2484,MPBA G532,FINANCIAL MODELLING & VA..,3,-,3,L1,SAURABH CHADHA,6153,M W F  9,11/10 AN2,12/12 AN
2486,MPBA G534,PEOPLE ANALYTICS,3,-,3,L1,MOAMMAD FARAZ NAIM,6108,M W F  9,11/10 AN2,12/12 AN
389,MSE G512,MANUFACT PLANNING & CONT,-,-,4,L1,TUFAN CHANDRA BERA,6107,M W F  5,11/10 FN2,11/12 AN
649,MSE G521,WORLD-CLASS MANUFACTUR,3,2,5,L1,RAJESH PRASAD MISHRA,1227,M W F  4,13/10 FN2,15/12 AN
667,MUSIC N113T,INDIA CLASS MUSIC(INS) I,-,-,3,L1,ANIL RAI,6101,M W F  10,08/10 FN1,05/12 FN
673,MUSIC N114T,INDIA CLASS MUSIC(INS)II,-,-,3,L1,ANIL RAI,6101,T Th S  10,08/10 AN1,05/12 AN
1086,PHA F211,PHARMACEUTICAL ANALYSIS,2,1,3,L1,SANDEEP SUNDRIYAL,6159,M W  2,13/10 AN1,18/12 FN
,,Tutorial,,,,T1,Sandeep Sundriyal,6160,Th  1,,
,,Practical,,,,P1,Kore Mukul Hemraj(RS),3149,T  7 8,,
,,,,,,,Moumita Basak(RS),,,,
,,,,,,,Shailesh Mani Tripathi(RS),,,,
,,,,,,,Animesh Majumdar(RS),,,,
,,,,,,P2,Kore Mukul Hemraj(RS),3149,Th  7 8,,
,,,,,,,Moumita Basak(RS),,,,
,,,,,,,Shailesh Mani Tripathi(RS),,,,
,,,,,,,Animesh Majumdar(RS),,,,
1292,PHA F242,BIOLOGICAL CHEMISTRY,2,1,3,L1,RICHA SHRIVASTAVA,6159,T Th  5,10/10 AN1,09/12 FN
,,Tutorial,,,,T1,Richa Shrivastava,6164,W  1,,
,,Practical,,,,P1,Shreya Das(RS),3149,F  1 2,,
,,,,,,,Shobha Kumari(RS),,,,
,,,,,,,Kirwale Shrikant Sitaram(RS),,,,
,,,,,,,Neha Dagar(RS),,,,
,,,,,,P2,Shreya Das(RS),3149,S  7 8,,
,,,,,,,Shobha Kumari(RS),,,,
,,,,,,,Kirwale Shrikant Sitaram(RS),,,,
,,,,,,,Neha Dagar(RS),,,,
1665,PHA F266,STUDY PROJECT,-,-,3,L1,GAIKWAD ANIL BHANUDAS,,,,
1295,PHA F311,PHARMACOLOGY I,2,1,3,L1,RAJEEV TALIYAN,6157,M W  4,13/10 FN1,15/12 FN
,,Tutorial,,,,T1,Rajeev Taliyan,6164,T  1,,
,,Practical,,,,P1,Jayant Singh Bhardwaj(RS),3124,S  1 2,,
,,,,,,,Shelke Vishwadeep Madhukar(RS),,,,
,,,,,,,Gangadari Giri Prasad(RS),,,,
,,,,,,P2,Aarti Sharma(RS),3124,W  1 2,,
,,,,,,,Jayant Singh Bhardwaj(RS),,,,
,,,,,,,Shelke Vishwadeep Madhukar(RS),,,,
1297,PHA F312,MEDICINAL CHEMISTRY I,2,1,3,L1,R MAHESH,6157,M W  5,11/10 FN1,11/12 FN
,,Tutorial,,,,T1,R Mahesh,6157,F  5,,
,,Practical,,,,P1,Shivanshu Bajaj(RS),3150,M  1 2,,
,,,,,,,Nisha Yadav(RS),,,,
,,,,,,,Shri Samarth Dwivedi(RS),,,,
,,,,,,P2,Shivanshu Bajaj(RS),3150,T  7 8,,
,,,,,,,Mukesh(RS),,,,
,,,,,,,Shri Samarth Dwivedi(RS),,,,
1299,PHA F313,INSTRU METHODS OF ANAL,3,1,4,L1,S MURUGESAN,6157,T Th  3,09/10 AN1,07/12 FN
,,Tutorial,,,,T1,S Murugesan,6156,T  9,,
,,Practical,,,,P1,Ansari Imran Kaimudin(RS),3155,S  3 4 5,,
,,,,,,,Karnam Sriravali(RS),,,,
,,,,,,,B Lavanya(RS),,,,
,,,,,,P2,Ansari Imran Kaimudin(RS),3155,F  1 2 3,,
,,,,,,,Karnam Sriravali(RS),,,,
,,,,,,,Shikha Thakur(RS),,,,
2506,PHA F315,PHARMACEUTICAL FORMULATI..,2,1,3,L1,ANIRUDDHA ROY,6158,T Th  2,14/10 AN1,21/12 FN
,,Tutorial,,,,T1,Aniruddha Roy,6157,F  4,,
,,Practical,,,,P1,Maravajjala Kavya Sree(RS),3116,M  1 2,,
,,,,,,,Reena(RS),,,,
,,,,,,,Vagesh Verma(RS),,,,
,,,,,,P2,Reena(RS),3116,Th  9 10,,
,,,,,,,Vagesh Verma(RS),,,,
,,,,,,,Shinde Pratik Pramod(RS),,,,
1682,PHA F366,LABORATORY PROJECT,-,-,3,L1,GAIKWAD ANIL BHANUDAS,,,,
1750,PHA F367,LABORATORY PROJECT,-,-,3,L1,GAIKWAD ANIL BHANUDAS,,,,
1699,PHA F376,DESIGN PROJECT,-,-,3,L1,GAIKWAD ANIL BHANUDAS,,,,
1766,PHA F377,DESIGN PROJECT,-,-,3,L1,GAIKWAD ANIL BHANUDAS,,,,
1303,PHA F413,PHARMA MANG & QUAL CONTR,3,-,3,L1,MURALI M PANDEY,6108,M W F  8,10/10 FN1,08/12 FN
1305,PHA F415,PATHOPHYSIOLOGY,3,-,3,L1,RAJEEV TALIYAN,6162,T Th S  5,10/10 AN1,09/12 FN
1724,PHA F491,SPECIAL PROJECT,-,-,3,L1,GAIKWAD ANIL BHANUDAS,,,,
351,PHA G532,Q A & REGULATORY AFFAIRS,3,2,5,L1,GAIKWAD ANIL BHANUDAS,6160,M W F  5,11/10 FN2,11/12 AN
,,Practical,,,,P1,Sonia Guha(RS),3124,Th  7 8,,
,,,,,,,Maravajjala Kavya Sree(RS),,,,
,,,,,,,Salunkhe Shubham Arun(RS),,,,
,,,,,,,Abhay Tharmatt(RS),,,,
2381,PHA G534,SEPARATION AND STRU ELUC..,-,-,4,L1,ATISH PAUL,6160,M W F  3,14/10 FN2,20/12 AN
2385,PHA G538,IMMUNOPHARMACOLOGY,-,-,4,L1,ANIRUDDHA ROY,6161,M W F  2,13/10 AN2,18/12 AN
2387,PHA G540,MODERN PHARMACEUT ANALY ..,3,1,4,L1,S MURUGESAN,6158,M W F  9,11/10 AN2,12/12 AN
,,Practical,,,,P1,Md Muzaffar Ur Rehman(RS),3155,Th  1 2 3,,
,,,,,,,Narisepalli Saibhargav(RS),,,,
,,,,,,,Gangadari Giri Prasad(RS),,,,
,,,,,,,Pranali Vijaykumar Kuthe(RS),,,,
,,,,,,,Shivangi Nema(RS),,,,
,,,,,,P2,Md Muzaffar Ur Rehman(RS),3155,S  7 8 9,,
,,,,,,,Narisepalli Saibhargav(RS),,,,
,,,,,,,Ala Chandu(RS),,,,
,,,,,,,Shivangi Nema(RS),,,,
183,PHA G541,COMP AIDED DRUG DESIGN,3,2,5,L1,S MURUGESAN,6160,M W F  4,13/10 FN2,15/12 AN
,,Practical,,,,P1,Ala Chandu(RS),6118,Th  1 2 3,,
,,,,,,,Jagtap Utkarsh Ashokrao(RS),,,,
653,PHA G542,ADVANCE PHYSICAL PHARMA,3,2,5,L1,GAUTAM SINGHVI,6160,M W F  2,13/10 AN2,18/12 AN
,,Practical,,,,P1,Yashika Tomar(RS),3118,S  1 2 3,,
,,,,,,,Choudhari Manisha Vinayak(RS),,,,
,,,,,,,Sakshi Priya(RS),,,,
,,,,,,,Yash Patidar(RS),,,,
55,PHA G543,CLINICAL RESEARCH,-,-,5,L1,HEMANT RAMANLAL JADHAV,6159,M W F  4,13/10 FN2,15/12 AN
2125,PHA G544,ADV PHARMACEUTICAL CHEM,3,2,5,L1,HEMANT RAMANLAL JADHAV,6101,T Th S  4,12/10 FN2,13/12 AN
,,Practical,,,,P1,Shikha Thakur(RS),3150,S  1 2,,
,,,,,,,Jagtap Utkarsh Ashokrao(RS),,,,
2293,PHA G547,QUALI-DESIGN IN PHARM PR..,3,2,5,L1,GAUTAM SINGHVI,6104,T Th S  5,10/10 AN2,09/12 AN
,,Practical,,,,P1,Yashika Tomar(RS),6161,Th  7 8 9,,
,,,,,,,Arihant Kumar Singh(RS),,,,
,,,,,,,Choudhari Manisha Vinayak(RS),,,,
,,,,,,,Sakshi Priya(RS),,,,
2388,PHA G548,CHEMISTRY OF NATURAL DRUGS,3,2,5,L1,ATISH PAUL,1219,T Th S  5,10/10 AN2,09/12 AN
,,Practical,,,,P1,Nisha Yadav(RS),3158,T  7 8,,
,,,,,,,B Lavanya(RS),,,,
747,PHA G612,PHARM KINET & CLINIC PHA,2,3,5,L1,Pragyanshu Khare,6107,M W F  3,14/10 FN2,20/12 AN
,,Practical,,,,P1,Salunkhe Shubham Arun(RS),3118,T  7 8,,
,,,,,,,Shivangi Paliwal(RS),,,,
,,,,,,,Shivangi Nema(RS),,,,
,,,,,,,Yash Patidar(RS),,,,
510,PHA G616,PHARMA ADMIN & MGMT,-,-,5,L1,ANUPAMA MITTAL,6159,M W F  7,09/10 FN2,06/12 AN
145,PHA G617,ADV DRUG DELIVERY SYSTEM,3,2,5,L1,DEEPAK CHITKARA,6159,M W F  5,11/10 FN2,11/12 AN
,,Practical,,,,P1,Sonia Guha(RS),3117,S  1 2 3,,
,,,,,,,Arihant Kumar Singh(RS),,,,
,,,,,,,Shinde Pratik Pramod(RS),,,,
767,PHA G618,RETROSYNTHETIC ANALYSIS,3,2,5,L1,SANDEEP SUNDRIYAL,6161,M W F  9,11/10 AN2,12/12 AN
2105,PHA G619,SCR METHOD & TECH IN PHA,-,-,5,L1,RICHA SHRIVASTAVA,6160,M W F  8,10/10 FN2,08/12 AN
,,Practical,,,,P1,Aarti Sharma(RS),3124,T  1 2 3,,
,,,,,,,Prabhjeet Singh(RS),,,,
,,,,,,,Shivangi Paliwal(RS),,,,
2390,PHA G624,PRINCIPLES OF TOXICOLOGY,-,-,5,L1,PRAGYANSHU KHARE,2203,T Th S  2,14/10 AN2,21/12 AN
2391,PHA G625,CELLULAR AND MOLECULAR P..,-,-,5,L1,GAIKWAD ANIL BHANUDAS,2203,T Th S  5,10/10 AN2,09/12 AN
2069,PHA G642,LABORATORY PROJECT,-,6,6,L1,GAIKWAD ANIL BHANUDAS,,,,
1014,PHY F110,PHYSICS LABORATORY,-,2,1,P1,V Manjuladevi,2247,F  1 2,,
,,,,,,,Preeti(RS),,,,
,,,,,,P2,Debashis Bandyopadhyay,2247,F  3 4,,
,,,,,,,Nehal Mathur(RS),,,,
,,,,,,P3,Aruna Gupta(RS),2247,F  6 7,,
,,,,,,,Sushil(RS),,,,
,,,,,,P4,Tanmoy Mondal,2247,F  8 9,,
,,,,,,,Shubham Yadav(RS),,,,
,,,,,,P5,Biswanath Layek,2247,M  1 2,,
,,,,,,,Neha(RS),,,,
,,,,,,P6,Soham Chatterjee(RS),2247,M  3 4,,
,,,,,,,Akash Gayakwad(RS),,,,
,,,,,,P7,Akshaya Vijay(RS),2247,M  6 7,,
,,,,,,,Sri Aurobindo Panda(RS),,,,
,,,,,,P8,Vaidya Rishikesh D,2247,S  1 2,,
,,,,,,,Samarth Mishra(RS),,,,
,,,,,,P9,JAYENDRA NATH BANDYOPADH..,2247,S  3 4,,
,,,,,,,Parsoon Pareek(RS),,,,
,,,,,,P10,Komal Chand(RS),2247,S  6 7,,
,,,,,,P11,Mahima Tyagi(RS),2247,S  8 9,,
,,,,,,,Nivash R(RS),,,,
,,,,,,P12,Raj Kumar Gupta,2247,T  1 2,,
,,,,,,,Nivash R(RS),,,,
,,,,,,P13,Athira C(RS),2247,T  3 4,,
,,,,,,,Sushil(RS),,,,
,,,,,,P14,Bhargab Sharma(RS),2247,T  6 7,,
,,,,,,,Akansha Thakur(RS),,,,
,,,,,,P15,Chandrachud Bijay Vaswar Dash(RS),2247,T  8 9,,
,,,,,,,Akash Gayakwad(RS),,,,
,,,,,,P16,Charul Rathod(RS),2247,Th  1 2,,
,,,,,,,Harshita Sharma(RS),,,,
,,,,,,P17,Deepthi Godaba Venkata(RS),2247,Th  3 4,,
,,,,,,,Jyoti Sharma(RS),,,,
,,,,,,P18,Anju Panthi(RS),2247,Th  6 7,,
,,,,,,,Srinidhi  S(RS),,,,
,,,,,,P19,Amol Holkundkar,2247,Th  8 9,,
,,,,,,,Shaina Gandhi(RS),,,,
,,,,,,P20,Charul Rathod(RS),2247,W  1 2,,
,,,,,,,Anju Panthi(RS),,,,
,,,,,,P21,Deepthi Godaba Venkata(RS),2247,W  3 4,,
,,,,,,,Aruna Gupta(RS),,,,
,,,,,,P22,Bhargab Sharma(RS),2247,W  6 7,,
,,,,,,,Tanmoy Mondal,,,,
,,,,,,P23,Anshuman Dalvi,2247,W  8 9,,
,,,,,,,Neha(RS),,,,
1015,PHY F111,MECH OSCILLATIONS & WAVE,3,-,3,L1,TAPOMOY GUHA SARKAR,5106,M W F  3,12/10 FN2,13/12 AN
,,,,,,,Rashmi Ranjan Mishra,,,,
,,,,,,L2,Niladri Sarkar,5105,T Th S  3,12/10 FN2,13/12 AN
,,,,,,,Debashis Bandyopadhyay,,,,
,,Tutorial,,,,T1,Kaushar Vaidya,6157,M  1,,
,,,,,,T2,Madhukar Mishra,6158,M  1,,
,,,,,,T3,Sajal Mukherjee,6159,M  1,,
,,,,,,T4,Debi Datt Pant,6160,M  1,,
,,,,,,T5,Rakesh Choubisa,6158,T  1,,
,,,,,,T6,Vaidya Rishikesh D,6159,T  1,,
,,,,,,T7,Madhukar Mishra,6160,T  1,,
,,,,,,T8,Srijata Dey,6162,T  1,,
,,,,,,T9,Debashis Bandyopadhyay,6154,T  9,,
,,,,,,T10,Debi Datt Pant,6157,T  9,,
,,,,,,T11,Vaidya Rishikesh D,6158,T  9,,
,,,,,,T12,Sandipan Dutta,6159,T  9,,
1859,PHY F112,GENERAL PHYSICS,3,-,3,L1,AMOL HOLKUNDKAR,6158,M W F  3,12/10 FN2,13/12 AN
,,Tutorial,,,,T1,Amol Holkundkar,6103,T  1,,
1126,PHY F211,CLASSICAL MECHANICS,3,1,4,L1,JAYENDRA NATH BANDYOPADH..,6152,M W F  3,14/10 FN1,20/12 FN
,,Tutorial,,,,T1,Jayendra Nath Bandyopadhyay,6152,Th  1,,
1127,PHY F212,ELECTROMAGNETIC THEO I,3,-,3,L1,SANDIPAN DUTTA,6156,M W F  2,13/10 AN2,18/12 AN
,,,,,,L2,Subhashis Gangopadhyay,6151,M W F  9,13/10 AN2,18/12 AN
,,Tutorial,,,,T1,Sandipan Dutta,6155,T  1,,
,,,,,,T2,Subhashis Gangopadhyay,6156,T  1,,
1128,PHY F213,OPTICS,3,-,3,L1,SRIJATA DEY,6163,T Th S  5,10/10 AN1,09/12 FN
,,Tutorial,,,,T1,Srijata Dey,6155,W  1,,
1129,PHY F214,ELEC MAGNET & OPTICS LAB,-,2,2,P1,Kaushar Vaidya,2247-B,T Th  3 4,,
,,,,,,,Debi Datt Pant,,,,
,,,,,,P2,SUBHASHIS GANGOPADHYAY,2247-B,T Th  7 8,,
,,,,,,,Navin Singh,,,,
1666,PHY F266,STUDY PROJECT,-,-,3,L1,RAKESH CHOUBISA,,,,
1486,PHY F311,QUANTUM MECHANICS II,3,-,3,L1,RASHMI RANJAN MISHRA,6103,T Th S  3,09/10 AN1,07/12 FN
,,Tutorial,,,,T1,Rashmi Ranjan Mishra,6155,F  1,,
1487,PHY F312,STATISTICAL MECHANICS,3,-,3,L1,TAPOMOY GUHA SARKAR,6101,M W F  5,11/10 FN1,11/12 FN
,,Tutorial,,,,T1,Tapomoy Guha Sarkar,6155,T  9,,
1488,PHY F313,COMPUTATIONAL PHYSICS,3,-,3,L1,NAVIN SINGH,6161,M W F  4,13/10 FN1,15/12 FN
,,Tutorial,,,,T1,Navin Singh,6108,T  2,,
1683,PHY F366,LABORATORY PROJECT,-,-,3,L1,RAKESH CHOUBISA,,,,
1751,PHY F367,LABORATORY PROJECT,-,-,3,L1,RAKESH CHOUBISA,,,,
1700,PHY F376,DESIGN PROJECT,-,-,3,L1,RAKESH CHOUBISA,,,,
1767,PHY F377,DESIGN PROJECT,-,-,3,L1,RAKESH CHOUBISA,,,,
2136,PHY F379,THIN FILM TECHNOLOGY,3,-,3,L1,V MANJULADEVI,6157,M W F  8,10/10 FN1,08/12 FN
1496,PHY F413,PARTICLE PHYSICS,3,1,4,L1,MADHUKAR MISHRA,6160,M W F  9,11/10 AN1,12/12 FN
1497,PHY F414,PHYSICS OF ADV MATERIALS,3,1,4,L1,ANSHUMAN DALVI,6153,T Th S  5,12/10 FN1,13/12 FN
1505,PHY F421,ADV QUANTUM MECHANICS,3,1,4,L1,RAKESH CHOUBISA,6161,T Th S  4,10/10 AN1,09/12 FN
1725,PHY F491,SPECIAL PROJECT,-,-,3,L1,RAKESH CHOUBISA,,,,
1516,POL F311,GANDHIAN THOUGHTS,3,-,3,L1,HARIKRISHNAN GOPINADHAN ..,6153,M W F  7,09/10 FN1,06/12 FN
,,,,,,,Deepak Kaswan(RS),,,,
2297,SAN G511,SANITATION TECHNOLOGY,3,2,5,L1,AJIT PRATAP SINGH,1233,T Th S  5,10/10 AN2,09/12 AN
,,,,,,,Anupam Singhal,,,,
632,SS G514,OBJ ORI ANALYS & DESIGN,2,2,4,L1,MUKESH KUMAR ROHIL,6102,M W F  1,09/10 AN2,07/12 AN
485,SS G552,SOFTWARE TESTING METHODS,-,-,4,L1,MUKESH KUMAR ROHIL,6103,M W F  5,11/10 FN2,11/12 AN
,,,,,,,Trishna Paul(RS),,,,
430,SS G562,SOFTWARE ENGG & MANAGEMT,3,2,5,L1,TANMAY MAHAPATRA,6103,M W F  4,13/10 FN2,15/12 AN
